-- phpMyAdmin SQL Dump
-- version 4.7.4
-- https://www.phpmyadmin.net/
--
-- Host: 127.0.0.1:3306
-- Generation Time: Sep 14, 2019 at 06:43 AM
-- Server version: 5.7.19
-- PHP Version: 7.1.9

SET SQL_MODE = "NO_AUTO_VALUE_ON_ZERO";
SET AUTOCOMMIT = 0;
START TRANSACTION;
SET time_zone = "+00:00";


/*!40101 SET @OLD_CHARACTER_SET_CLIENT=@@CHARACTER_SET_CLIENT */;
/*!40101 SET @OLD_CHARACTER_SET_RESULTS=@@CHARACTER_SET_RESULTS */;
/*!40101 SET @OLD_COLLATION_CONNECTION=@@COLLATION_CONNECTION */;
/*!40101 SET NAMES utf8mb4 */;

--
-- Database: `knowbuddy`
--

-- --------------------------------------------------------

--
-- Table structure for table `color`
--

DROP TABLE IF EXISTS `color`;
CREATE TABLE IF NOT EXISTS `color` (
  `id` int(11) NOT NULL AUTO_INCREMENT,
  `name` varchar(255) NOT NULL,
  PRIMARY KEY (`id`)
) ENGINE=MyISAM AUTO_INCREMENT=9 DEFAULT CHARSET=latin1;

--
-- Dumping data for table `color`
--

INSERT INTO `color` (`id`, `name`) VALUES
(1, '#1D2951'),
(2, '#4F97A3'),
(3, '#FA8072'),
(4, '#D21F3C'),
(5, '#EFFD5F'),
(6, '#FDA50F'),
(7, '#0B6623'),
(8, '#50C878');

-- --------------------------------------------------------

--
-- Table structure for table `contactus`
--

DROP TABLE IF EXISTS `contactus`;
CREATE TABLE IF NOT EXISTS `contactus` (
  `id` int(11) NOT NULL AUTO_INCREMENT,
  `name` varchar(200) NOT NULL,
  `email` varchar(200) NOT NULL,
  `date` datetime NOT NULL,
  `comment` text NOT NULL,
  PRIMARY KEY (`id`)
) ENGINE=MyISAM AUTO_INCREMENT=6 DEFAULT CHARSET=latin1;

--
-- Dumping data for table `contactus`
--

INSERT INTO `contactus` (`id`, `name`, `email`, `date`, `comment`) VALUES
(1, 'mahesh', 'maheshvarandani1@gmail.com', '2019-09-13 16:22:37', 'dfsgdbsfasd'),
(2, 'dfd', 'maheshvarandani1@gmail.com', '2019-09-13 16:23:15', 'asdfghsa'),
(3, 'mahesh', 'maheshvarandani1@gmail.com', '2019-09-13 16:37:52', 'asdfsbnfgbdvc'),
(4, 'mahesh', 'maheshvarandani1@gmail.com', '2019-09-13 16:39:01', 'hbhjbbh'),
(5, 'mahesh', 'maheshvarandani1@gmail.com', '2019-09-13 16:39:37', 'fdvcdsfg');

-- --------------------------------------------------------

--
-- Table structure for table `extraqoption`
--

DROP TABLE IF EXISTS `extraqoption`;
CREATE TABLE IF NOT EXISTS `extraqoption` (
  `id` int(11) NOT NULL AUTO_INCREMENT,
  `q_id` int(11) NOT NULL,
  `optionname` text NOT NULL,
  PRIMARY KEY (`id`)
) ENGINE=MyISAM AUTO_INCREMENT=21 DEFAULT CHARSET=latin1;

--
-- Dumping data for table `extraqoption`
--

INSERT INTO `extraqoption` (`id`, `q_id`, `optionname`) VALUES
(1, 1, 'car'),
(2, 1, 'Bike'),
(3, 2, 'yes'),
(4, 2, 'no'),
(5, 3, 'beer'),
(6, 3, 'Vodka'),
(7, 4, 'thai'),
(8, 4, 'Chinese'),
(9, 5, 'MT Abu'),
(10, 5, 'Darjeeling'),
(11, 6, 'Dog'),
(12, 6, 'Giraffe'),
(13, 7, 'GF'),
(14, 7, 'family'),
(15, 8, 'Horror'),
(16, 8, 'Action'),
(17, 9, 'Home'),
(18, 9, 'Garden'),
(19, 10, 'aj bhi tum mil jao'),
(20, 10, 'zaman chod denge hum');

-- --------------------------------------------------------

--
-- Table structure for table `extraquestions`
--

DROP TABLE IF EXISTS `extraquestions`;
CREATE TABLE IF NOT EXISTS `extraquestions` (
  `q_id` int(11) NOT NULL AUTO_INCREMENT,
  `question` varchar(255) NOT NULL,
  `type` int(11) NOT NULL,
  PRIMARY KEY (`q_id`)
) ENGINE=MyISAM AUTO_INCREMENT=14 DEFAULT CHARSET=latin1;

--
-- Dumping data for table `extraquestions`
--

INSERT INTO `extraquestions` (`q_id`, `question`, `type`) VALUES
(1, 'If dsd meets a genie what would be his/her wish?', 1),
(2, 'Does luv want his/her wife/husband to be the Hottest or the Smartest?', 1),
(3, 'What does you drink the most?', 1),
(4, 'Which fast food restaurant does you prefer the most', 1),
(5, 'Where would you like to go with your soulmate?', 1),
(6, 'Which animal does you dream to pet?', 1),
(7, 'With whom would you like to spend some quality time?', 1),
(8, 'What type of movies does you like?', 1),
(9, 'In your freetime where would you stay?', 1),
(10, 'What\'s your favorite TV serial', 1);

-- --------------------------------------------------------

--
-- Table structure for table `friendsans`
--

DROP TABLE IF EXISTS `friendsans`;
CREATE TABLE IF NOT EXISTS `friendsans` (
  `id` int(11) NOT NULL AUTO_INCREMENT,
  `friendid` int(11) NOT NULL,
  `q_no` int(11) NOT NULL,
  `ans` text NOT NULL,
  `result` int(11) NOT NULL,
  `date` datetime NOT NULL,
  PRIMARY KEY (`id`)
) ENGINE=MyISAM AUTO_INCREMENT=462 DEFAULT CHARSET=latin1;

--
-- Dumping data for table `friendsans`
--

INSERT INTO `friendsans` (`id`, `friendid`, `q_no`, `ans`, `result`, `date`) VALUES
(1, 14, 0, 'shahrukh khan', 1, '2019-09-07 06:39:42'),
(2, 14, 1, 'Pav bhaji', 1, '2019-09-07 06:40:11'),
(3, 14, 2, 'Indian', 0, '2019-09-07 06:40:13'),
(4, 14, 3, 'Ferari', 1, '2019-09-07 06:40:28'),
(5, 14, 4, 'Mount Abu', 1, '2019-09-07 06:40:30'),
(6, 14, 5, 'free', 1, '2019-09-07 06:40:32'),
(7, 14, 6, 'reebok', 1, '2019-09-07 06:40:34'),
(8, 14, 7, 'garden', 1, '2019-09-07 06:40:37'),
(9, 14, 8, 'Tiger', 0, '2019-09-07 06:40:39'),
(10, 14, 0, 'Salman Khan', 0, '2019-09-07 10:33:47'),
(11, 14, 0, 'Hritik roshan', 0, '2019-09-07 10:33:48'),
(12, 14, 1, 'Pav bhaji', 1, '2019-09-07 10:33:49'),
(13, 14, 2, 'Continental', 1, '2019-09-07 10:33:50'),
(14, 14, 2, 'Continental', 1, '2019-09-07 10:33:51'),
(15, 14, 3, 'Ferari', 1, '2019-09-07 10:33:51'),
(16, 14, 3, 'Ferari', 1, '2019-09-07 10:33:52'),
(17, 14, 4, 'Mount Abu', 1, '2019-09-07 10:33:53'),
(18, 14, 4, 'Mount Abu', 1, '2019-09-07 10:33:54'),
(19, 14, 5, 'free', 1, '2019-09-07 10:33:55'),
(20, 14, 6, 'nike', 0, '2019-09-07 10:33:57'),
(21, 14, 7, 'cafe', 0, '2019-09-07 10:34:00'),
(22, 14, 8, 'R15', 1, '2019-09-07 10:34:01'),
(23, 14, 0, 'Hritik roshan', 0, '2019-09-07 10:34:10'),
(24, 14, 1, 'burger', 0, '2019-09-07 10:34:12'),
(25, 14, 1, 'burger', 0, '2019-09-07 10:34:12'),
(26, 14, 1, 'burger', 0, '2019-09-07 10:34:12'),
(27, 14, 2, 'Indian', 0, '2019-09-07 10:34:13'),
(28, 14, 0, 'Salman Khan', 0, '2019-09-07 10:34:18'),
(29, 14, 1, 'burger', 0, '2019-09-07 10:34:20'),
(30, 14, 2, 'Indian', 0, '2019-09-07 10:34:21'),
(31, 14, 3, 'porsche', 0, '2019-09-07 10:34:23'),
(32, 14, 4, 'Mount Abu', 1, '2019-09-07 10:34:24'),
(33, 14, 5, 'free', 1, '2019-09-07 10:34:26'),
(34, 14, 6, 'reebok', 1, '2019-09-07 10:34:28'),
(35, 14, 7, 'garden', 1, '2019-09-07 10:34:29'),
(36, 14, 8, 'Tiger', 0, '2019-09-07 10:34:32'),
(37, 14, 0, 'shahrukh khan', 1, '2019-09-07 10:37:32'),
(38, 14, 1, 'pizza', 0, '2019-09-07 10:37:50'),
(39, 14, 2, 'Indian', 0, '2019-09-07 10:37:56'),
(40, 14, 3, 'Lamborghini', 0, '2019-09-07 10:37:59'),
(41, 14, 4, 'Mount Abu', 1, '2019-09-07 10:38:02'),
(42, 14, 5, 'free', 1, '2019-09-07 10:38:06'),
(43, 14, 6, 'reebok', 1, '2019-09-07 10:38:08'),
(44, 14, 7, 'garden', 1, '2019-09-07 10:38:09'),
(45, 14, 8, 'Tiger', 0, '2019-09-07 10:38:11'),
(46, 15, 0, 'Salman Khan', 0, '2019-09-07 11:32:04'),
(47, 15, 1, 'burger', 0, '2019-09-07 11:32:05'),
(48, 15, 2, 'Chinese', 0, '2019-09-07 11:32:07'),
(49, 15, 3, 'Ferari', 0, '2019-09-07 11:32:09'),
(50, 15, 4, 'Mount Abu', 1, '2019-09-07 11:32:11'),
(51, 15, 5, 'free', 1, '2019-09-07 11:32:15'),
(52, 15, 6, 'reebok', 1, '2019-09-07 11:32:17'),
(53, 15, 7, 'garden', 1, '2019-09-07 11:32:18'),
(54, 15, 8, 'Tiger', 1, '2019-09-07 11:32:20'),
(55, 15, 9, 'monsoon', 1, '2019-09-07 11:32:22'),
(56, 16, 0, 'shahrukh khan', 0, '2019-09-07 11:34:41'),
(57, 16, 1, 'burger', 0, '2019-09-07 11:35:03'),
(58, 16, 2, 'Continental', 0, '2019-09-07 11:35:11'),
(59, 16, 3, 'Mercedes', 1, '2019-09-07 11:35:13'),
(60, 16, 4, 'Mount Abu', 1, '2019-09-07 11:35:19'),
(61, 16, 5, 'free', 1, '2019-09-07 11:35:33'),
(62, 16, 6, 'reebok', 1, '2019-09-07 11:35:34'),
(63, 16, 7, 'garden', 1, '2019-09-07 11:35:36'),
(64, 16, 8, 'Tiger', 1, '2019-09-07 11:35:38'),
(65, 16, 9, 'monsoon', 1, '2019-09-07 11:35:43'),
(66, 17, 0, 'shahrukh khan', 0, '2019-09-07 14:20:53'),
(67, 17, 1, 'Pav bhaji', 1, '2019-09-07 14:20:57'),
(68, 17, 2, 'Continental', 1, '2019-09-07 14:20:59'),
(69, 17, 3, 'BMW', 0, '2019-09-07 14:21:01'),
(70, 17, 4, 'manali', 0, '2019-09-07 14:21:04'),
(71, 17, 5, 'free', 1, '2019-09-07 14:21:06'),
(72, 17, 6, 'reebok', 1, '2019-09-07 14:21:08'),
(73, 17, 7, 'cafe', 0, '2019-09-07 14:21:09'),
(74, 17, 8, 'Tiger', 1, '2019-09-07 14:21:12'),
(75, 17, 9, 'summer', 0, '2019-09-07 14:21:14'),
(76, 19, 0, 'Ranveer singh', 0, '2019-09-07 15:14:38'),
(77, 19, 1, 'Pav bhaji', 0, '2019-09-07 15:14:56'),
(78, 19, 2, 'Indian', 1, '2019-09-07 15:14:57'),
(79, 19, 3, 'porsche', 0, '2019-09-07 15:14:59'),
(80, 19, 4, 'Mount Abu', 1, '2019-09-07 15:15:02'),
(81, 19, 5, 'free', 0, '2019-09-07 15:15:03'),
(82, 19, 6, 'nike', 0, '2019-09-07 15:15:05'),
(83, 19, 7, 'garden', 1, '2019-09-07 15:15:08'),
(84, 19, 8, 'Tiger', 1, '2019-09-07 15:15:09'),
(85, 19, 9, 'monsoon', 1, '2019-09-07 15:15:11'),
(86, 20, 0, 'Ranveer singh', 0, '2019-09-07 15:41:26'),
(87, 20, 1, 'burger', 0, '2019-09-07 15:41:30'),
(88, 20, 2, 'Indian', 1, '2019-09-07 15:41:31'),
(89, 20, 3, 'Lamborghini', 0, '2019-09-07 15:42:59'),
(90, 20, 4, 'Mount Abu', 1, '2019-09-07 15:43:15'),
(91, 20, 5, 'free', 0, '2019-09-07 15:44:01'),
(92, 20, 6, 'nike', 0, '2019-09-07 15:44:03'),
(93, 20, 7, 'cafe', 0, '2019-09-07 15:44:04'),
(94, 20, 8, 'R15', 0, '2019-09-07 15:44:06'),
(95, 20, 9, 'monsoon', 1, '2019-09-07 15:44:22'),
(96, 21, 0, 'Salman Khan', 1, '2019-09-07 15:46:05'),
(97, 21, 1, 'burger', 0, '2019-09-07 15:46:07'),
(98, 21, 2, 'Indian', 1, '2019-09-07 15:46:10'),
(99, 21, 3, 'porsche', 0, '2019-09-07 15:46:12'),
(100, 21, 4, 'Mount Abu', 1, '2019-09-07 15:46:13'),
(101, 21, 5, 'free', 0, '2019-09-07 15:46:15'),
(102, 21, 6, 'reebok', 1, '2019-09-07 15:46:16'),
(103, 21, 7, 'garden', 1, '2019-09-07 15:46:18'),
(104, 21, 8, 'Tiger', 1, '2019-09-07 15:46:20'),
(105, 21, 9, 'monsoon', 1, '2019-09-07 15:46:32'),
(106, 22, 0, 'Salman Khan', 1, '2019-09-07 15:47:14'),
(107, 22, 1, 'burger', 0, '2019-09-07 15:47:43'),
(108, 22, 2, 'Continental', 0, '2019-09-07 15:47:45'),
(109, 22, 3, 'Ferari', 0, '2019-09-07 15:47:48'),
(110, 22, 4, 'Mount Abu', 1, '2019-09-07 15:47:58'),
(111, 22, 5, 'free', 0, '2019-09-07 15:48:07'),
(112, 22, 6, 'nike', 0, '2019-09-07 15:48:09'),
(113, 22, 7, 'garden', 1, '2019-09-07 15:48:11'),
(114, 22, 8, 'Tiger', 1, '2019-09-07 15:48:13'),
(115, 22, 9, 'monsoon', 1, '2019-09-07 15:48:17'),
(116, 23, 0, 'Salman Khan', 1, '2019-09-07 15:49:22'),
(117, 23, 1, 'Hot Dog', 0, '2019-09-07 15:49:24'),
(118, 23, 2, 'Mexican', 0, '2019-09-07 15:49:26'),
(119, 23, 3, 'Ferari', 0, '2019-09-07 15:49:29'),
(120, 23, 4, 'Mount Abu', 1, '2019-09-07 15:49:36'),
(121, 23, 5, 'salsa', 1, '2019-09-07 15:49:38'),
(122, 23, 6, 'reebok', 1, '2019-09-07 15:49:41'),
(123, 23, 7, 'garden', 1, '2019-09-07 15:49:45'),
(124, 23, 8, 'Tiger', 1, '2019-09-07 15:49:46'),
(125, 23, 9, 'summer', 0, '2019-09-07 15:49:50'),
(126, 24, 0, 'Salman Khan', 1, '2019-09-07 15:59:55'),
(127, 24, 1, 'Pav bhaji', 0, '2019-09-07 16:00:12'),
(128, 24, 2, 'Indian', 1, '2019-09-07 16:00:22'),
(129, 24, 3, 'Ferari', 0, '2019-09-07 16:00:30'),
(130, 24, 4, 'Mount Abu', 1, '2019-09-07 16:00:33'),
(131, 24, 5, 'salsa', 1, '2019-09-07 16:00:35'),
(132, 24, 6, 'reebok', 1, '2019-09-07 16:00:37'),
(133, 24, 7, 'garden', 1, '2019-09-07 16:00:40'),
(134, 24, 8, 'R15', 0, '2019-09-07 16:00:42'),
(135, 24, 9, 'monsoon', 1, '2019-09-07 16:00:45'),
(136, 25, 0, 'Salman Khan', 1, '2019-09-07 16:03:57'),
(137, 25, 1, 'Pav bhaji', 0, '2019-09-07 16:03:59'),
(138, 25, 2, 'Mexican', 0, '2019-09-07 16:04:01'),
(139, 25, 3, 'Ferari', 0, '2019-09-07 16:04:19'),
(140, 25, 4, 'Mount Abu', 1, '2019-09-07 16:04:22'),
(141, 25, 5, 'salsa', 1, '2019-09-07 16:04:24'),
(142, 25, 6, 'reebok', 1, '2019-09-07 16:04:26'),
(143, 25, 7, 'garden', 1, '2019-09-07 16:04:28'),
(144, 25, 8, 'R15', 0, '2019-09-07 16:04:31'),
(145, 25, 9, 'summer', 0, '2019-09-07 16:04:35'),
(146, 26, 0, 'Salman Khan', 1, '2019-09-07 16:06:10'),
(147, 26, 1, 'Pav bhaji', 0, '2019-09-07 16:06:13'),
(148, 26, 2, 'Indian', 1, '2019-09-07 16:06:16'),
(149, 26, 3, 'porsche', 0, '2019-09-07 16:06:21'),
(150, 26, 4, 'Mount Abu', 1, '2019-09-07 16:06:23'),
(151, 26, 5, 'free', 0, '2019-09-07 16:06:24'),
(152, 26, 6, 'nike', 0, '2019-09-07 16:06:26'),
(153, 26, 7, 'garden', 1, '2019-09-07 16:06:28'),
(154, 26, 8, 'R15', 0, '2019-09-07 16:06:31'),
(155, 26, 9, 'summer', 0, '2019-09-07 16:06:34'),
(156, 27, 0, 'Salman Khan', 1, '2019-09-07 16:08:38'),
(157, 27, 1, 'Pav bhaji', 0, '2019-09-07 16:08:40'),
(158, 27, 2, 'Indian', 1, '2019-09-07 16:08:43'),
(159, 27, 3, 'porsche', 0, '2019-09-07 16:08:45'),
(160, 27, 3, 'porsche', 0, '2019-09-07 16:08:45'),
(161, 27, 4, 'Mount Abu', 1, '2019-09-07 16:08:47'),
(162, 27, 5, 'salsa', 1, '2019-09-07 16:08:51'),
(163, 27, 6, 'reebok', 1, '2019-09-07 16:08:53'),
(164, 27, 7, 'garden', 1, '2019-09-07 16:08:56'),
(165, 27, 8, 'R15', 0, '2019-09-07 16:08:59'),
(166, 27, 9, 'monsoon', 1, '2019-09-07 16:09:03'),
(167, 28, 0, 'Salman Khan', 1, '2019-09-07 16:15:35'),
(168, 28, 1, 'burger', 0, '2019-09-07 16:15:38'),
(169, 28, 2, 'Indian', 1, '2019-09-07 16:15:43'),
(170, 28, 3, 'BMW', 1, '2019-09-07 16:15:46'),
(171, 28, 4, 'Mount Abu', 1, '2019-09-07 16:15:49'),
(172, 28, 5, 'salsa', 1, '2019-09-07 16:15:53'),
(173, 28, 6, 'reebok', 1, '2019-09-07 16:15:55'),
(174, 28, 7, 'cafe', 0, '2019-09-07 16:15:59'),
(175, 28, 8, 'Tiger', 1, '2019-09-07 16:16:02'),
(176, 28, 9, 'monsoon', 1, '2019-09-07 16:16:06'),
(177, 29, 0, 'Salman Khan', 1, '2019-09-07 16:22:04'),
(178, 29, 1, 'Pav bhaji', 0, '2019-09-07 16:22:06'),
(179, 29, 2, 'Indian', 1, '2019-09-07 16:22:08'),
(180, 29, 3, 'BMW', 1, '2019-09-07 16:22:10'),
(181, 29, 4, 'Mount Abu', 1, '2019-09-07 16:22:12'),
(182, 29, 5, 'salsa', 1, '2019-09-07 16:22:15'),
(183, 29, 6, 'reebok', 1, '2019-09-07 16:22:17'),
(184, 29, 7, 'garden', 1, '2019-09-07 16:22:20'),
(185, 29, 8, 'Tiger', 1, '2019-09-07 16:22:22'),
(186, 29, 9, 'summer', 0, '2019-09-07 16:22:26'),
(187, 30, 0, 'shahrukh khan', 0, '2019-09-07 18:16:03'),
(188, 30, 1, 'burger', 0, '2019-09-07 18:16:04'),
(189, 30, 2, 'Indian', 0, '2019-09-07 18:16:06'),
(190, 30, 3, 'Lamborghini', 1, '2019-09-07 18:16:08'),
(191, 30, 4, 'manali', 0, '2019-09-07 18:16:09'),
(192, 30, 5, 'free', 1, '2019-09-07 18:16:11'),
(193, 30, 6, 'nike', 0, '2019-09-07 18:16:14'),
(194, 30, 7, 'garden', 1, '2019-09-07 18:16:15'),
(195, 30, 8, 'Tiger', 0, '2019-09-07 18:16:18'),
(196, 30, 9, 'summer', 0, '2019-09-07 18:16:21'),
(197, 31, 0, 'Salman Khan', 1, '2019-09-08 04:52:41'),
(198, 31, 1, 'Pav bhaji', 1, '2019-09-08 04:52:43'),
(199, 32, 0, 'Salman Khan', 1, '2019-09-08 04:53:17'),
(200, 32, 1, 'Pav bhaji', 1, '2019-09-08 04:53:18'),
(201, 32, 2, 'Indian', 1, '2019-09-08 04:58:06'),
(202, 32, 3, 'Ferari', 1, '2019-09-08 04:58:09'),
(203, 32, 4, 'Mount Abu', 1, '2019-09-08 04:58:11'),
(204, 32, 5, 'salsa', 0, '2019-09-08 04:58:14'),
(205, 32, 6, 'reebok', 1, '2019-09-08 04:58:16'),
(206, 32, 7, 'cafe', 0, '2019-09-08 04:58:18'),
(207, 32, 8, 'R15', 0, '2019-09-08 04:58:20'),
(208, 32, 9, 'monsoon', 1, '2019-09-08 04:58:22'),
(209, 33, 0, 'shahrukh khan', 1, '2019-09-08 05:01:02'),
(210, 33, 1, 'pizza', 1, '2019-09-08 05:01:10'),
(211, 33, 2, 'Chinese', 1, '2019-09-08 05:01:11'),
(212, 33, 3, 'Lamborghini', 1, '2019-09-08 05:01:13'),
(213, 33, 4, 'Mount Abu', 0, '2019-09-08 05:01:15'),
(214, 33, 5, 'free', 0, '2019-09-08 05:01:17'),
(215, 33, 6, 'nike', 1, '2019-09-08 05:01:19'),
(216, 33, 7, 'garden', 0, '2019-09-08 05:01:21'),
(217, 33, 8, 'R15', 1, '2019-09-08 05:01:24'),
(218, 33, 9, 'summer', 1, '2019-09-08 05:01:28'),
(219, 34, 0, 'shahrukh khan', 1, '2019-09-08 05:13:58'),
(220, 34, 1, 'pizza', 1, '2019-09-08 05:14:15'),
(221, 34, 2, 'Chinese', 1, '2019-09-08 05:14:22'),
(222, 34, 3, 'Ferari', 0, '2019-09-08 05:14:26'),
(223, 34, 4, 'Mount Abu', 0, '2019-09-08 05:15:09'),
(224, 34, 5, 'salsa', 1, '2019-09-08 05:20:04'),
(225, 35, 0, 'shahrukh khan', 1, '2019-09-08 05:21:40'),
(226, 35, 1, 'burger', 0, '2019-09-08 05:21:45'),
(227, 35, 2, 'Continental', 0, '2019-09-08 05:21:51'),
(228, 35, 3, 'Lamborghini', 1, '2019-09-08 05:21:56'),
(229, 35, 4, 'manali', 1, '2019-09-08 05:22:02'),
(230, 35, 5, 'salsa', 1, '2019-09-08 05:22:04'),
(231, 35, 6, 'nike', 1, '2019-09-08 05:22:05'),
(232, 35, 7, 'garden', 0, '2019-09-08 05:22:07'),
(233, 35, 8, 'R15', 1, '2019-09-08 05:22:09'),
(234, 35, 9, 'monsoon', 0, '2019-09-08 05:22:12'),
(235, 36, 0, 'shahrukh khan', 1, '2019-09-08 05:36:59'),
(236, 36, 1, 'Hot Dog', 0, '2019-09-08 05:37:02'),
(237, 36, 2, 'Indian', 0, '2019-09-08 05:37:03'),
(238, 36, 2, 'Indian', 0, '2019-09-08 05:37:03'),
(239, 36, 2, 'Indian', 0, '2019-09-08 05:37:03'),
(240, 36, 3, 'porsche', 0, '2019-09-08 05:37:05'),
(241, 36, 4, 'Mount Abu', 0, '2019-09-08 05:37:07'),
(242, 36, 5, 'free', 0, '2019-09-08 05:37:09'),
(243, 36, 6, 'reebok', 0, '2019-09-08 05:37:10'),
(244, 36, 7, 'garden', 0, '2019-09-08 05:37:11'),
(245, 36, 8, 'Tiger', 0, '2019-09-08 05:37:13'),
(246, 36, 9, 'monsoon', 0, '2019-09-08 05:37:14'),
(247, 37, 0, 'car', 0, '2019-09-08 12:16:12'),
(248, 37, 1, 'no', 0, '2019-09-08 12:16:15'),
(249, 37, 2, 'beer', 0, '2019-09-08 12:16:18'),
(250, 37, 3, 'porsche', 0, '2019-09-08 12:16:20'),
(251, 37, 4, 'Mount Abu', 1, '2019-09-08 12:16:21'),
(252, 37, 4, 'Mount Abu', 1, '2019-09-08 12:16:21'),
(253, 37, 4, 'Mount Abu', 1, '2019-09-08 12:16:22'),
(254, 37, 5, 'free', 0, '2019-09-08 12:16:23'),
(255, 37, 6, 'reebok', 0, '2019-09-08 12:16:25'),
(256, 37, 7, 'garden', 0, '2019-09-08 12:16:26'),
(257, 37, 8, 'Tiger', 1, '2019-09-08 12:16:28'),
(258, 37, 9, 'monsoon', 0, '2019-09-08 12:16:29'),
(259, 38, 0, 'car', 0, '2019-09-08 14:14:26'),
(260, 38, 1, 'no', 0, '2019-09-08 14:14:28'),
(261, 38, 2, 'beer', 0, '2019-09-08 14:17:25'),
(262, 38, 3, 'porsche', 0, '2019-09-08 14:24:31'),
(263, 38, 4, 'Mount Abu', 1, '2019-09-08 14:24:35'),
(264, 38, 5, 'free', 0, '2019-09-08 14:24:37'),
(265, 38, 6, 'reebok', 0, '2019-09-08 14:24:39'),
(266, 38, 7, 'cafe', 1, '2019-09-08 14:24:41'),
(267, 38, 8, 'R15', 0, '2019-09-08 14:24:43'),
(268, 38, 9, 'summer', 1, '2019-09-08 14:24:53'),
(269, 39, 0, 'shahrukh khan', 0, '2019-09-10 15:55:58'),
(270, 39, 1, 'burger', 0, '2019-09-10 15:56:01'),
(271, 39, 1, 'burger', 0, '2019-09-10 15:56:02'),
(272, 39, 1, 'burger', 0, '2019-09-10 15:56:02'),
(273, 39, 2, 'Indian', 1, '2019-09-10 15:56:03'),
(274, 39, 2, 'Indian', 1, '2019-09-10 15:56:04'),
(275, 39, 2, 'Indian', 1, '2019-09-10 15:56:04'),
(276, 39, 3, 'porsche', 1, '2019-09-10 15:56:06'),
(277, 39, 4, 'Mount Abu', 1, '2019-09-10 15:56:08'),
(278, 39, 5, 'free', 1, '2019-09-10 15:56:10'),
(279, 39, 6, 'reebok', 0, '2019-09-10 15:56:11'),
(280, 39, 7, 'garden', 0, '2019-09-10 15:56:13'),
(281, 39, 8, 'Tiger', 1, '2019-09-10 15:56:15'),
(282, 39, 9, 'monsoon', 0, '2019-09-10 15:56:16'),
(283, 1, 0, 'Salman Khan', 0, '2019-09-10 16:33:27'),
(284, 1, 1, 'burger', 0, '2019-09-10 16:33:28'),
(285, 1, 2, 'Indian', 1, '2019-09-10 16:33:30'),
(286, 1, 3, 'porsche', 1, '2019-09-10 16:33:32'),
(287, 1, 4, 'manali', 0, '2019-09-10 16:33:34'),
(288, 1, 5, 'free', 1, '2019-09-10 16:33:36'),
(289, 1, 6, 'reebok', 0, '2019-09-10 16:33:38'),
(290, 1, 7, 'garden', 0, '2019-09-10 16:33:40'),
(291, 1, 8, 'Tiger', 1, '2019-09-10 16:33:42'),
(292, 1, 9, 'monsoon', 0, '2019-09-10 16:33:45'),
(293, 1, 9, 'monsoon', 0, '2019-09-10 16:36:10'),
(294, 3, 0, 'Salman Khan', 0, '2019-09-10 16:36:48'),
(295, 3, 1, 'burger', 0, '2019-09-10 16:36:53'),
(296, 3, 2, 'Indian', 1, '2019-09-10 16:36:55'),
(297, 3, 3, 'porsche', 1, '2019-09-10 16:36:57'),
(298, 3, 4, 'manali', 0, '2019-09-10 16:36:59'),
(299, 3, 5, 'free', 1, '2019-09-10 16:37:01'),
(300, 3, 6, 'reebok', 0, '2019-09-10 16:37:03'),
(301, 3, 7, 'garden', 0, '2019-09-10 16:37:06'),
(302, 3, 8, 'Tiger', 1, '2019-09-10 16:37:09'),
(303, 3, 9, 'monsoon', 0, '2019-09-10 16:37:12'),
(304, 4, 0, 'Salman Khan', 0, '2019-09-10 16:38:59'),
(305, 4, 1, 'burger', 0, '2019-09-10 16:39:00'),
(306, 4, 1, 'burger', 0, '2019-09-10 16:39:00'),
(307, 4, 1, 'burger', 0, '2019-09-10 16:39:01'),
(308, 4, 1, 'burger', 0, '2019-09-10 16:39:01'),
(309, 4, 2, 'Continental', 0, '2019-09-10 16:39:02'),
(310, 4, 3, 'porsche', 1, '2019-09-10 16:39:04'),
(311, 4, 4, 'Mount Abu', 1, '2019-09-10 16:39:10'),
(312, 4, 5, 'salsa', 0, '2019-09-10 16:39:12'),
(313, 4, 6, 'reebok', 0, '2019-09-10 16:39:13'),
(314, 4, 7, 'garden', 0, '2019-09-10 16:39:16'),
(315, 4, 8, 'R15', 0, '2019-09-10 16:39:18'),
(316, 4, 9, 'monsoon', 0, '2019-09-10 16:39:20'),
(317, 5, 0, 'Salman Khan', 0, '2019-09-10 16:42:11'),
(318, 5, 1, 'Pav bhaji', 1, '2019-09-10 16:42:14'),
(319, 5, 2, 'Continental', 0, '2019-09-10 16:42:17'),
(320, 5, 3, 'Ferari', 0, '2019-09-10 16:42:19'),
(321, 5, 4, 'Mount Abu', 1, '2019-09-10 16:42:30'),
(322, 5, 5, 'free', 1, '2019-09-10 16:42:32'),
(323, 5, 6, 'reebok', 0, '2019-09-10 16:42:34'),
(324, 5, 7, 'cafe', 1, '2019-09-10 16:42:36'),
(325, 5, 8, 'R15', 0, '2019-09-10 16:42:38'),
(326, 5, 9, 'monsoon', 0, '2019-09-10 16:42:40'),
(327, 6, 0, 'Salman Khan', 0, '2019-09-10 16:43:07'),
(328, 6, 1, 'burger', 0, '2019-09-10 16:43:11'),
(329, 6, 2, 'Continental', 0, '2019-09-10 16:43:13'),
(330, 6, 3, 'porsche', 1, '2019-09-10 16:43:21'),
(331, 6, 4, 'manali', 0, '2019-09-10 16:43:24'),
(332, 6, 5, 'free', 1, '2019-09-10 16:43:25'),
(333, 6, 6, 'nike', 1, '2019-09-10 16:43:26'),
(334, 6, 7, 'garden', 0, '2019-09-10 16:43:29'),
(335, 6, 8, 'Tiger', 1, '2019-09-10 16:43:32'),
(336, 6, 9, 'summer', 1, '2019-09-10 16:43:37'),
(337, 7, 0, 'Salman Khan', 0, '2019-09-10 16:46:05'),
(338, 7, 1, 'burger', 0, '2019-09-10 16:46:41'),
(339, 7, 2, 'Indian', 1, '2019-09-10 16:46:44'),
(340, 7, 3, 'porsche', 1, '2019-09-10 16:46:53'),
(341, 7, 4, 'Mount Abu', 1, '2019-09-10 16:46:54'),
(342, 7, 5, 'free', 1, '2019-09-10 16:46:55'),
(343, 7, 6, 'nike', 1, '2019-09-10 16:46:58'),
(344, 7, 7, 'garden', 0, '2019-09-10 16:46:59'),
(345, 7, 8, 'Tiger', 1, '2019-09-10 16:47:01'),
(346, 7, 9, 'monsoon', 0, '2019-09-10 16:47:03'),
(347, 8, 0, 'Salman Khan', 0, '2019-09-10 16:48:08'),
(348, 8, 1, 'burger', 0, '2019-09-10 16:48:10'),
(349, 8, 2, 'Indian', 1, '2019-09-10 16:48:13'),
(350, 8, 3, 'porsche', 1, '2019-09-10 16:48:16'),
(351, 8, 4, 'Mount Abu', 1, '2019-09-10 16:48:19'),
(352, 8, 5, 'free', 1, '2019-09-10 16:48:21'),
(353, 8, 6, 'nike', 1, '2019-09-10 16:48:23'),
(354, 8, 7, 'garden', 0, '2019-09-10 16:48:25'),
(355, 8, 8, 'R15', 0, '2019-09-10 16:48:27'),
(356, 8, 9, 'summer', 1, '2019-09-10 16:48:30'),
(357, 9, 0, 'shahrukh khan', 0, '2019-09-10 16:51:04'),
(358, 9, 1, 'Pav bhaji', 1, '2019-09-10 16:51:12'),
(359, 9, 2, 'Indian', 1, '2019-09-10 16:51:26'),
(360, 9, 3, 'porsche', 1, '2019-09-10 16:51:52'),
(361, 9, 4, 'Mount Abu', 1, '2019-09-10 16:51:53'),
(362, 9, 5, 'free', 1, '2019-09-10 16:51:55'),
(363, 9, 6, 'nike', 1, '2019-09-10 16:51:57'),
(364, 9, 7, 'garden', 0, '2019-09-10 16:51:59'),
(365, 9, 8, 'R15', 0, '2019-09-10 16:52:00'),
(366, 9, 9, 'monsoon', 0, '2019-09-10 16:52:02'),
(367, 10, 0, 'shahrukh khan', 1, '2019-09-11 17:04:17'),
(368, 10, 1, 'Hot Dog', 0, '2019-09-11 17:04:23'),
(369, 10, 2, 'Mexican', 0, '2019-09-11 17:04:26'),
(370, 10, 3, 'BMW', 0, '2019-09-11 17:04:28'),
(371, 10, 3, 'BMW', 0, '2019-09-11 17:04:28'),
(372, 10, 3, 'BMW', 0, '2019-09-11 17:04:28'),
(373, 10, 3, 'BMW', 0, '2019-09-11 17:04:28'),
(374, 10, 4, 'Mount Abu', 1, '2019-09-11 17:04:31'),
(375, 10, 5, 'free', 1, '2019-09-11 17:04:33'),
(376, 10, 6, 'reebok', 1, '2019-09-11 17:04:34'),
(377, 10, 7, 'garden', 1, '2019-09-11 17:04:36'),
(378, 10, 8, 'Tiger', 1, '2019-09-11 17:04:37'),
(379, 10, 9, 'monsoon', 1, '2019-09-11 17:04:39'),
(380, 11, 0, 'shahrukh khan', 0, '2019-09-14 05:01:56'),
(381, 11, 1, 'pizza', 0, '2019-09-14 05:02:29'),
(382, 11, 2, 'Indian', 0, '2019-09-14 05:02:37'),
(383, 11, 3, 'BMW', 0, '2019-09-14 05:02:40'),
(384, 11, 4, 'manali', 1, '2019-09-14 05:02:44'),
(385, 11, 4, 'manali', 1, '2019-09-14 05:02:44'),
(386, 11, 4, 'manali', 1, '2019-09-14 05:02:45'),
(387, 11, 4, 'manali', 1, '2019-09-14 05:02:45'),
(388, 11, 4, 'manali', 1, '2019-09-14 05:02:45'),
(389, 11, 5, 'salsa', 0, '2019-09-14 05:03:37'),
(390, 11, 5, 'salsa', 0, '2019-09-14 05:03:37'),
(391, 11, 5, 'salsa', 0, '2019-09-14 05:03:37'),
(392, 11, 5, 'salsa', 0, '2019-09-14 05:03:37'),
(393, 11, 5, 'salsa', 0, '2019-09-14 05:03:38'),
(394, 11, 5, 'salsa', 0, '2019-09-14 05:03:38'),
(395, 11, 5, 'salsa', 0, '2019-09-14 05:03:38'),
(396, 11, 5, 'salsa', 0, '2019-09-14 05:03:38'),
(397, 11, 5, 'salsa', 0, '2019-09-14 05:03:38'),
(398, 11, 5, 'salsa', 0, '2019-09-14 05:03:38'),
(399, 11, 6, 'nike', 1, '2019-09-14 05:07:31'),
(400, 11, 6, 'nike', 1, '2019-09-14 05:07:31'),
(401, 11, 6, 'nike', 1, '2019-09-14 05:07:31'),
(402, 11, 6, 'nike', 1, '2019-09-14 05:07:31'),
(403, 11, 6, 'nike', 1, '2019-09-14 05:07:32'),
(404, 11, 6, 'nike', 1, '2019-09-14 05:07:32'),
(405, 11, 6, 'nike', 1, '2019-09-14 05:07:32'),
(406, 11, 6, 'nike', 1, '2019-09-14 05:07:32'),
(407, 11, 6, 'nike', 1, '2019-09-14 05:07:32'),
(408, 11, 6, 'nike', 1, '2019-09-14 05:07:32'),
(409, 11, 7, 'cafe', 1, '2019-09-14 05:07:39'),
(410, 11, 7, 'cafe', 1, '2019-09-14 05:07:39'),
(411, 11, 7, 'cafe', 1, '2019-09-14 05:07:39'),
(412, 11, 7, 'cafe', 1, '2019-09-14 05:07:39'),
(413, 11, 7, 'cafe', 1, '2019-09-14 05:07:39'),
(414, 11, 7, 'cafe', 1, '2019-09-14 05:07:39'),
(415, 11, 7, 'cafe', 1, '2019-09-14 05:07:39'),
(416, 11, 8, 'R15', 0, '2019-09-14 05:07:40'),
(417, 11, 9, 'summer', 0, '2019-09-14 05:08:05'),
(418, 11, 9, 'summer', 0, '2019-09-14 05:08:05'),
(419, 11, 9, 'summer', 0, '2019-09-14 05:08:05'),
(420, 11, 9, 'summer', 0, '2019-09-14 05:08:05'),
(421, 11, 9, 'summer', 0, '2019-09-14 05:08:06'),
(422, 11, 9, 'summer', 0, '2019-09-14 05:08:06'),
(423, 11, 9, 'summer', 0, '2019-09-14 05:08:06'),
(424, 11, 9, 'summer', 0, '2019-09-14 05:08:06'),
(425, 11, 9, 'summer', 0, '2019-09-14 05:08:06'),
(426, 13, 0, 'shahrukh khan', 1, '2019-09-14 05:10:47'),
(427, 13, 0, 'shahrukh khan', 1, '2019-09-14 05:10:47'),
(428, 13, 0, 'shahrukh khan', 1, '2019-09-14 05:10:47'),
(429, 13, 0, 'shahrukh khan', 1, '2019-09-14 05:10:47'),
(430, 13, 1, 'pizza', 0, '2019-09-14 05:10:48'),
(431, 13, 2, 'Chinese', 0, '2019-09-14 05:22:31'),
(432, 13, 2, 'Chinese', 0, '2019-09-14 05:22:31'),
(433, 13, 2, 'Chinese', 0, '2019-09-14 05:22:31'),
(434, 13, 2, 'Chinese', 0, '2019-09-14 05:22:31'),
(435, 13, 2, 'Chinese', 0, '2019-09-14 05:22:31'),
(436, 13, 2, 'Chinese', 0, '2019-09-14 05:22:31'),
(437, 13, 2, 'Chinese', 0, '2019-09-14 05:22:31'),
(438, 13, 2, 'Chinese', 0, '2019-09-14 05:22:32'),
(439, 13, 3, 'Lamborghini', 0, '2019-09-14 05:22:32'),
(440, 13, 4, 'manali', 0, '2019-09-14 05:22:32'),
(441, 13, 4, 'manali', 0, '2019-09-14 05:22:32'),
(442, 13, 5, 'salsa', 0, '2019-09-14 05:23:13'),
(443, 13, 5, 'salsa', 0, '2019-09-14 05:23:14'),
(444, 13, 5, 'salsa', 0, '2019-09-14 05:23:14'),
(445, 13, 5, 'salsa', 0, '2019-09-14 05:23:14'),
(446, 13, 5, 'salsa', 0, '2019-09-14 05:23:14'),
(447, 13, 5, 'salsa', 0, '2019-09-14 05:23:14'),
(448, 13, 5, 'salsa', 0, '2019-09-14 05:23:14'),
(449, 13, 5, 'salsa', 0, '2019-09-14 05:23:14'),
(450, 13, 5, 'salsa', 0, '2019-09-14 05:23:14'),
(451, 13, 6, 'nike', 0, '2019-09-14 05:23:14'),
(452, 13, 7, 'cafe', 0, '2019-09-14 05:23:15'),
(453, 13, 8, 'R15', 0, '2019-09-14 05:24:10'),
(454, 13, 8, 'R15', 0, '2019-09-14 05:24:10'),
(455, 13, 8, 'R15', 0, '2019-09-14 05:24:10'),
(456, 13, 8, 'R15', 0, '2019-09-14 05:24:10'),
(457, 13, 8, 'R15', 0, '2019-09-14 05:24:10'),
(458, 13, 8, 'R15', 0, '2019-09-14 05:24:11'),
(459, 13, 8, 'R15', 0, '2019-09-14 05:24:11'),
(460, 13, 9, 'summer', 1, '2019-09-14 05:24:11'),
(461, 14, 9, 'summer', 1, '2019-09-14 05:28:42');

-- --------------------------------------------------------

--
-- Table structure for table `options`
--

DROP TABLE IF EXISTS `options`;
CREATE TABLE IF NOT EXISTS `options` (
  `id` int(11) NOT NULL AUTO_INCREMENT,
  `q_id` int(21) NOT NULL,
  `answer` varchar(255) NOT NULL,
  `image` varchar(255) NOT NULL,
  PRIMARY KEY (`id`)
) ENGINE=MyISAM AUTO_INCREMENT=32 DEFAULT CHARSET=latin1;

--
-- Dumping data for table `options`
--

INSERT INTO `options` (`id`, `q_id`, `answer`, `image`) VALUES
(1, 1, 'shahrukh khan', ''),
(2, 1, 'Salman Khan', ''),
(3, 1, 'Hritik roshan', ''),
(4, 1, 'Ranveer singh', ''),
(5, 2, 'pizza', ''),
(6, 2, 'burger', ''),
(7, 2, 'Pav bhaji', ''),
(8, 2, 'Hot Dog', ''),
(9, 2, 'Manchuryan', ''),
(10, 3, 'Chinese', ''),
(11, 3, 'Indian', ''),
(12, 3, 'Continental', ''),
(13, 3, 'Mexican', ''),
(14, 3, 'Thai', ''),
(15, 4, 'Lamborghini', ''),
(16, 4, 'porsche', ''),
(17, 4, 'Ferari', ''),
(18, 4, 'BMW', ''),
(19, 4, 'Mercedes', ''),
(20, 5, 'manali', ''),
(21, 5, 'Mount Abu', ''),
(22, 6, 'salsa', ''),
(23, 6, 'free', ''),
(24, 7, 'nike', ''),
(25, 7, 'reebok', ''),
(26, 8, 'cafe', ''),
(27, 8, 'garden', ''),
(28, 9, 'R15', ''),
(29, 9, 'Tiger', ''),
(30, 10, 'summer', ''),
(31, 10, 'monsoon', '');

-- --------------------------------------------------------

--
-- Table structure for table `questions`
--

DROP TABLE IF EXISTS `questions`;
CREATE TABLE IF NOT EXISTS `questions` (
  `q_id` int(255) NOT NULL AUTO_INCREMENT,
  `question` text NOT NULL,
  `color` int(255) NOT NULL,
  `type` int(50) NOT NULL,
  `gender` varchar(2) NOT NULL DEFAULT 'M',
  PRIMARY KEY (`q_id`)
) ENGINE=MyISAM AUTO_INCREMENT=11 DEFAULT CHARSET=latin1;

--
-- Dumping data for table `questions`
--

INSERT INTO `questions` (`q_id`, `question`, `color`, `type`, `gender`) VALUES
(1, 'Whos your favourite actor?', 1, 1, 'M'),
(2, 'What\\\'s your favorite dish', 2, 1, 'M'),
(3, 'What\\\'s your favorite food', 3, 1, 'M'),
(4, 'What\\\'s your favorite car', 4, 1, 'M'),
(5, 'What\\\'s your favorite place', 5, 1, 'M'),
(6, 'What\\\'s your favorite dance', 6, 1, 'M'),
(7, 'What\\\'s your favorite shoes', 7, 1, 'M'),
(8, 'What\\\'s your favorite hangout spot', 8, 1, 'M'),
(9, 'What\\\'s your favorite bike', 1, 1, 'M'),
(10, 'What\\\'s your favorite season', 2, 1, 'M');

-- --------------------------------------------------------

--
-- Table structure for table `result`
--

DROP TABLE IF EXISTS `result`;
CREATE TABLE IF NOT EXISTS `result` (
  `id` int(11) NOT NULL AUTO_INCREMENT,
  `Uid` varchar(15) NOT NULL,
  `friendname` varchar(100) NOT NULL,
  `datetime` datetime NOT NULL,
  `score` int(11) NOT NULL DEFAULT '0',
  `friendip` varchar(100) NOT NULL,
  `attempted` int(11) NOT NULL DEFAULT '0',
  PRIMARY KEY (`id`)
) ENGINE=MyISAM AUTO_INCREMENT=19 DEFAULT CHARSET=latin1;

--
-- Dumping data for table `result`
--

INSERT INTO `result` (`id`, `Uid`, `friendname`, `datetime`, `score`, `friendip`, `attempted`) VALUES
(1, '16emskh', 'mahesh', '2019-09-10 16:26:04', 4, '::1', 0),
(2, '16emskh', 'jack', '2019-09-10 16:30:26', 0, '::1', 0),
(3, '16emskh', 'jass', '2019-09-10 16:36:30', 4, '::1', 0),
(4, '16emskh', 'juice', '2019-09-10 16:38:47', 2, '::1', 0),
(5, '16emskh', 'cdvf', '2019-09-10 16:42:09', 4, '::1', 0),
(6, '16emskh', 'asdasd', '2019-09-10 16:43:03', 5, '::1', 0),
(7, '16emskh', 'sdfsd', '2019-09-10 16:45:04', 6, '::1', 0),
(8, '16emskh', 'jackd', '2019-09-10 16:48:06', 6, '::1', 0),
(9, '16emskh', 'last', '2019-09-10 16:49:18', 6, '::1', 1),
(10, 'xsufkr6', 'mahesh', '2019-09-11 17:04:15', 7, '::1', 0),
(11, 'lapgu0e', 'mahesh', '2019-09-14 04:29:47', 22, '::1', 0),
(12, '88l91yf', 'jack', '2019-09-14 05:09:05', 0, '::1', 0),
(13, 'kll4x10', 'hello', '2019-09-14 05:10:44', 5, '::1', 0),
(14, 'fmfzo3o', 'sadasd', '2019-09-14 05:28:37', 1, '::1', 0),
(15, 'jzsx1wm', 'jack', '2019-09-14 05:29:26', 0, '::1', 0),
(16, 'dnd076f', 'jack', '2019-09-14 05:52:45', 0, '::1', 0),
(17, 'kll4x10', 'jqck', '2019-09-14 05:56:03', 0, '::1', 0),
(18, 'kll4x10', 'jack', '2019-09-14 05:59:56', 0, '::1', 0);

-- --------------------------------------------------------

--
-- Table structure for table `temp`
--

DROP TABLE IF EXISTS `temp`;
CREATE TABLE IF NOT EXISTS `temp` (
  `test` varchar(255) NOT NULL
) ENGINE=MyISAM DEFAULT CHARSET=latin1;

--
-- Dumping data for table `temp`
--

INSERT INTO `temp` (`test`) VALUES
('Whos your favourite actor?'),
('Whos your favourite actor?'),
('Whos your favourite actor?'),
('shahrukh khan'),
('Whos your favourite actor?'),
('shahrukh khan'),
(''),
(''),
(''),
(''),
(''),
(''),
(''),
(''),
(''),
(''),
(''),
(''),
(''),
(''),
(''),
(''),
(''),
(''),
(''),
(''),
(''),
(''),
(''),
(''),
(''),
(''),
(''),
(''),
(''),
(''),
(''),
(''),
(''),
(''),
('');

-- --------------------------------------------------------

--
-- Table structure for table `users`
--

DROP TABLE IF EXISTS `users`;
CREATE TABLE IF NOT EXISTS `users` (
  `u_id` varchar(255) NOT NULL,
  `name` varchar(255) NOT NULL,
  `gender` varchar(10) NOT NULL,
  `hasQuiz` int(2) NOT NULL DEFAULT '0',
  `time` datetime NOT NULL DEFAULT CURRENT_TIMESTAMP
) ENGINE=MyISAM DEFAULT CHARSET=latin1;

--
-- Dumping data for table `users`
--

INSERT INTO `users` (`u_id`, `name`, `gender`, `hasQuiz`, `time`) VALUES
('quvto1p', 'Mahesh', 'M', 0, '2019-08-04 22:29:45'),
('487vpty', 'Mahesh', 'M', 0, '2019-08-10 14:13:56'),
('rjmnodi', 'Mahesh', 'M', 0, '2019-08-10 14:14:35'),
('g3jpi7z', 'mahesh', 'M', 0, '2019-08-10 14:25:45'),
('exsdunj', 'Mahesh', 'M', 0, '2019-08-10 14:28:06'),
('47b56tx', 'mahesh', 'M', 1, '2019-08-10 14:28:39'),
('y70g0g5', 'Mahesh', 'F', 0, '2019-08-10 14:30:26'),
('brd2ky2', 'mahesh', 'M', 0, '2019-08-10 15:29:52'),
('ps30gbl', 'mahesh', 'M', 1, '2019-09-01 22:55:42'),
('sfonawy', 'mahesh', 'M', 1, '2019-09-01 23:39:58'),
('ykh2wq4', 'something', 'M', 0, '2019-09-02 00:05:42'),
('dwlqlfx', 'siren', 'M', 0, '2019-09-02 00:11:37'),
('ow14h8d', 'mahesh', 'M', 0, '2019-09-03 21:20:22'),
('p9vbjyb', 'sree', 'M', 1, '2019-09-03 21:24:35'),
('gvxivit', 'asDCXZ', 'M', 0, '2019-09-03 21:29:33'),
('d0wy3fy', 'fdsfvcxz ', 'M', 1, '2019-09-03 21:31:48'),
('ifh6i4p', 'asdffds', 'M', 1, '2019-09-03 21:39:21'),
('5xqqex5', 'sdfa', 'M', 1, '2019-09-03 21:41:49'),
('2gqs43l', 'qweadsxcz', 'M', 1, '2019-09-03 21:49:42'),
('phgkiv1', 'sadfv', 'M', 1, '2019-09-03 21:54:49'),
('d8otzb7', '4rdfcx', 'M', 1, '2019-09-03 21:57:49'),
('cccwnvo', 's/artyretuio', 'M', 1, '2019-09-03 22:06:42'),
('nsklpog', 'uhhuh', 'M', 0, '2019-09-03 22:15:08'),
('29op9eg', 'hjbnjhb', 'M', 1, '2019-09-03 22:19:14'),
('mj6revd', 'shock', 'M', 1, '2019-09-03 22:59:20'),
('x9dsux5', 'Maeh', 'M', 1, '2019-09-05 22:08:49'),
('sz6h3b0', 'Mahesh', 'M', 0, '2019-09-07 11:22:29'),
('7q27j5z', 'hello', 'M', 1, '2019-09-07 11:26:44'),
('616o8y4', 'asnbd', 'M', 0, '2019-09-07 16:10:20'),
('imhycur', 'xcxzxfgdsrtewdqsa', 'M', 0, '2019-09-07 16:12:44'),
('kaxzgqt', 'asdas', 'M', 0, '2019-09-07 16:14:37'),
('gduc6c0', ';erjkfdsc', 'M', 1, '2019-09-07 16:15:47'),
('2eukbpn', 'ljkssdf', 'M', 0, '2019-09-07 16:46:37'),
('4pfdjiv', 'cgdfh', 'M', 1, '2019-09-07 16:47:15'),
('84rvobd', 'zxczxc', 'M', 1, '2019-09-07 16:53:04'),
('odqj4rp', 'Mahesh', 'M', 1, '2019-09-07 17:00:34'),
('nvmbss0', 'mja', 'M', 1, '2019-09-07 19:49:46'),
('hic6bo3', 'hello', 'M', 1, '2019-09-07 20:41:08'),
('rh0n3qt', 'hello', 'M', 1, '2019-09-07 23:44:50'),
('y439ppl', 'sddsd', 'F', 0, '2019-09-07 23:53:43'),
('x4waul6', 'dsfsdfgsdf', 'M', 0, '2019-09-07 23:54:04'),
('ha4lhmp', 'asdfbsdnf', 'F', 0, '2019-09-07 23:55:36'),
('0tfnr5y', 'Mahesh', 'M', 0, '2019-09-08 09:37:12'),
('j92utpx', 'dsfsdf', 'M', 1, '2019-09-08 09:37:44'),
('jlfuw30', 'Mahesh', 'M', 1, '2019-09-08 10:29:25'),
('sirl3cz', 'acad', 'M', 0, '2019-09-08 11:24:10'),
('of8lduk', 'asdasd', 'M', 1, '2019-09-08 11:50:08'),
('tdurz46', 'rahul', 'M', 1, '2019-09-08 19:59:31'),
('fcknige', 'rahul', 'M', 1, '2019-09-08 21:13:01'),
('16emskh', 'wdfsdf', 'M', 1, '2019-09-10 21:23:40'),
('xsufkr6', 'mahesh', 'M', 1, '2019-09-11 22:11:57'),
('lkv980t', 'adfasf', 'M', 1, '2019-09-11 22:34:55'),
('awx130s', 'Mahesh', 'M', 1, '2019-09-11 23:00:18'),
('2u2af46', 'kjghlkjg', 'M', 0, '2019-09-12 20:54:03'),
('lapgu0e', 'Mahesh', 'M', 1, '2019-09-14 09:56:47'),
('88l91yf', 'safdsgh', 'M', 0, '2019-09-14 10:38:55'),
('kll4x10', 'Mahes', 'M', 1, '2019-09-14 10:39:22'),
('fmfzo3o', 'czxcsdf', 'M', 1, '2019-09-14 10:58:08'),
('jzsx1wm', 'asfds', 'M', 1, '2019-09-14 10:58:56'),
('dnd076f', 'Mahesh', 'M', 1, '2019-09-14 11:22:09'),
('nezk9ra', 'nmbn', 'M', 0, '2019-09-14 12:11:52');

-- --------------------------------------------------------

--
-- Table structure for table `usersans`
--

DROP TABLE IF EXISTS `usersans`;
CREATE TABLE IF NOT EXISTS `usersans` (
  `id` int(11) NOT NULL AUTO_INCREMENT,
  `Uid` varchar(15) NOT NULL,
  `Qid` int(11) NOT NULL,
  `optid` int(11) NOT NULL,
  PRIMARY KEY (`id`)
) ENGINE=MyISAM AUTO_INCREMENT=364 DEFAULT CHARSET=latin1;

--
-- Dumping data for table `usersans`
--

INSERT INTO `usersans` (`id`, `Uid`, `Qid`, `optid`) VALUES
(1, 'ps30gbl', 0, 1),
(2, 'ps30gbl', 1, 6),
(3, 'ps30gbl', 2, 11),
(4, 'ps30gbl', 3, 19),
(5, 'ps30gbl', 4, 21),
(6, 'ps30gbl', 5, 23),
(7, 'ps30gbl', 6, 25),
(8, 'ps30gbl', 7, 27),
(9, 'ps30gbl', 8, 29),
(10, '47b56tx', 0, 33),
(11, '47b56tx', 1, 40),
(12, '47b56tx', 2, 44),
(13, '47b56tx', 3, 50),
(14, '47b56tx', 4, 52),
(15, '47b56tx', 5, 54),
(16, '47b56tx', 6, 56),
(17, '47b56tx', 7, 58),
(18, '47b56tx', 8, 60),
(19, 'ps30gbl', 9, 30),
(20, 'sfonawy', 0, 64),
(21, 'sfonawy', 1, 70),
(22, 'sfonawy', 2, 75),
(23, 'sfonawy', 3, 78),
(24, 'sfonawy', 4, 83),
(25, 'sfonawy', 5, 85),
(26, 'sfonawy', 6, 86),
(27, 'sfonawy', 7, 89),
(28, 'sfonawy', 8, 91),
(29, 'p9vbjyb', 0, 94),
(30, 'p9vbjyb', 1, 98),
(31, 'p9vbjyb', 2, 103),
(32, 'p9vbjyb', 3, 109),
(33, 'p9vbjyb', 4, 113),
(34, 'p9vbjyb', 5, 115),
(35, 'p9vbjyb', 6, 118),
(36, 'p9vbjyb', 7, 120),
(37, 'p9vbjyb', 8, 121),
(38, 'd0wy3fy', 0, 128),
(39, 'd0wy3fy', 1, 133),
(40, 'd0wy3fy', 2, 138),
(41, 'd0wy3fy', 3, 143),
(42, 'd0wy3fy', 4, 145),
(43, 'd0wy3fy', 5, 147),
(44, 'd0wy3fy', 6, 149),
(45, 'd0wy3fy', 7, 151),
(46, 'd0wy3fy', 8, 153),
(47, 'ifh6i4p', 0, 159),
(48, 'ifh6i4p', 1, 164),
(49, 'ifh6i4p', 2, 169),
(50, 'ifh6i4p', 3, 174),
(51, 'ifh6i4p', 4, 176),
(52, 'ifh6i4p', 5, 178),
(53, 'ifh6i4p', 6, 180),
(54, 'ifh6i4p', 7, 182),
(55, 'ifh6i4p', 8, 184),
(56, 'ifh6i4p', 0, 159),
(57, 'ifh6i4p', 0, 190),
(58, 'ifh6i4p', 1, 164),
(59, 'ifh6i4p', 1, 195),
(60, 'ifh6i4p', 2, 169),
(61, 'ifh6i4p', 2, 200),
(62, 'ifh6i4p', 3, 174),
(63, 'ifh6i4p', 3, 205),
(64, 'ifh6i4p', 4, 176),
(65, 'ifh6i4p', 4, 207),
(66, 'ifh6i4p', 5, 178),
(67, 'ifh6i4p', 5, 209),
(68, 'ifh6i4p', 6, 180),
(69, 'ifh6i4p', 6, 211),
(70, 'ifh6i4p', 7, 182),
(71, 'ifh6i4p', 7, 213),
(72, 'ifh6i4p', 8, 184),
(73, 'ifh6i4p', 8, 215),
(74, '5xqqex5', 0, 221),
(75, '5xqqex5', 1, 226),
(76, '5xqqex5', 2, 231),
(77, '5xqqex5', 3, 236),
(78, '5xqqex5', 4, 238),
(79, '5xqqex5', 5, 240),
(80, '5xqqex5', 6, 242),
(81, '5xqqex5', 7, 244),
(82, '5xqqex5', 8, 246),
(83, '2gqs43l', 0, 252),
(84, '2gqs43l', 1, 257),
(85, '2gqs43l', 2, 262),
(86, '2gqs43l', 3, 267),
(87, '2gqs43l', 4, 269),
(88, '2gqs43l', 5, 271),
(89, '2gqs43l', 6, 273),
(90, '2gqs43l', 7, 275),
(91, '2gqs43l', 8, 277),
(92, 'phgkiv1', 0, 283),
(93, 'phgkiv1', 1, 288),
(94, 'phgkiv1', 2, 293),
(95, 'phgkiv1', 3, 298),
(96, 'phgkiv1', 4, 300),
(97, 'phgkiv1', 5, 302),
(98, 'phgkiv1', 6, 304),
(99, 'phgkiv1', 7, 306),
(100, 'phgkiv1', 8, 308),
(101, 'd8otzb7', 0, 314),
(102, 'd8otzb7', 1, 319),
(103, 'd8otzb7', 2, 324),
(104, 'd8otzb7', 3, 329),
(105, 'd8otzb7', 4, 331),
(106, 'd8otzb7', 5, 333),
(107, 'd8otzb7', 6, 335),
(108, 'd8otzb7', 7, 337),
(109, 'd8otzb7', 8, 339),
(110, 'cccwnvo', 0, 345),
(111, 'cccwnvo', 1, 350),
(112, 'cccwnvo', 2, 355),
(113, 'cccwnvo', 3, 360),
(114, 'cccwnvo', 4, 362),
(115, 'cccwnvo', 5, 364),
(116, 'cccwnvo', 6, 366),
(117, 'cccwnvo', 7, 368),
(118, 'cccwnvo', 8, 370),
(119, '29op9eg', 0, 376),
(120, '29op9eg', 1, 381),
(121, '29op9eg', 2, 386),
(122, '29op9eg', 3, 391),
(123, '29op9eg', 4, 393),
(124, '29op9eg', 5, 395),
(125, '29op9eg', 6, 397),
(126, '29op9eg', 7, 399),
(127, '29op9eg', 8, 401),
(128, 'mj6revd', 0, 407),
(129, 'mj6revd', 1, 412),
(130, 'mj6revd', 2, 417),
(131, 'mj6revd', 3, 422),
(132, 'mj6revd', 4, 424),
(133, 'mj6revd', 5, 426),
(134, 'mj6revd', 6, 428),
(135, 'mj6revd', 7, 430),
(136, 'mj6revd', 8, 432),
(137, 'x9dsux5', 0, 438),
(138, 'x9dsux5', 1, 443),
(139, 'x9dsux5', 2, 447),
(140, 'x9dsux5', 3, 450),
(141, 'x9dsux5', 4, 455),
(142, 'x9dsux5', 5, 457),
(143, 'x9dsux5', 6, 458),
(144, 'x9dsux5', 7, 461),
(145, 'x9dsux5', 8, 462),
(146, '7q27j5z', 0, 466),
(147, '7q27j5z', 1, 472),
(148, '7q27j5z', 2, 477),
(149, '7q27j5z', 3, 482),
(150, '7q27j5z', 4, 486),
(151, '7q27j5z', 5, 488),
(152, '7q27j5z', 6, 490),
(153, '7q27j5z', 7, 492),
(154, '7q27j5z', 8, 493),
(155, 'gduc6c0', 0, 500),
(156, 'gduc6c0', 1, 505),
(157, 'gduc6c0', 2, 510),
(158, 'gduc6c0', 3, 515),
(159, 'gduc6c0', 4, 517),
(160, 'gduc6c0', 5, 519),
(161, 'gduc6c0', 6, 521),
(162, 'gduc6c0', 7, 523),
(163, 'gduc6c0', 8, 525),
(164, 'gduc6c0', 9, 527),
(165, '4pfdjiv', 0, 531),
(166, '4pfdjiv', 1, 536),
(167, '4pfdjiv', 2, 541),
(168, '4pfdjiv', 3, 546),
(169, '4pfdjiv', 4, 548),
(170, '4pfdjiv', 5, 550),
(171, '4pfdjiv', 6, 552),
(172, '4pfdjiv', 7, 554),
(173, '4pfdjiv', 8, 556),
(174, '84rvobd', 0, 562),
(175, '84rvobd', 1, 567),
(176, '84rvobd', 2, 572),
(177, '84rvobd', 3, 577),
(178, '84rvobd', 4, 579),
(179, '84rvobd', 5, 581),
(180, '84rvobd', 6, 583),
(181, '84rvobd', 7, 585),
(182, '84rvobd', 8, 587),
(183, '84rvobd', 9, 589),
(184, 'odqj4rp', 0, 593),
(185, 'odqj4rp', 1, 598),
(186, 'odqj4rp', 2, 603),
(187, 'odqj4rp', 3, 608),
(188, 'odqj4rp', 4, 610),
(189, 'odqj4rp', 5, 612),
(190, 'odqj4rp', 6, 614),
(191, 'odqj4rp', 7, 616),
(192, 'odqj4rp', 8, 618),
(193, 'odqj4rp', 9, 620),
(194, 'nvmbss0', 0, 623),
(195, 'nvmbss0', 1, 627),
(196, 'nvmbss0', 2, 632),
(197, 'nvmbss0', 3, 637),
(198, 'nvmbss0', 4, 641),
(199, 'nvmbss0', 5, 643),
(200, 'nvmbss0', 6, 645),
(201, 'nvmbss0', 7, 647),
(202, 'nvmbss0', 8, 649),
(203, 'nvmbss0', 9, 651),
(204, 'hic6bo3', 0, 653),
(205, 'hic6bo3', 1, 660),
(206, 'hic6bo3', 2, 662),
(207, 'hic6bo3', 3, 669),
(208, 'hic6bo3', 4, 672),
(209, 'hic6bo3', 5, 673),
(210, 'hic6bo3', 6, 676),
(211, 'hic6bo3', 7, 678),
(212, 'hic6bo3', 8, 680),
(213, 'hic6bo3', 9, 682),
(214, 'rh0n3qt', 0, 684),
(215, 'rh0n3qt', 1, 687),
(216, 'rh0n3qt', 2, 692),
(217, 'rh0n3qt', 3, 697),
(218, 'rh0n3qt', 4, 703),
(219, 'rh0n3qt', 5, 705),
(220, 'rh0n3qt', 6, 707),
(221, 'rh0n3qt', 7, 709),
(222, 'rh0n3qt', 8, 710),
(223, 'rh0n3qt', 9, 713),
(224, 'j92utpx', 0, 715),
(225, 'j92utpx', 1, 720),
(226, 'j92utpx', 2, 724),
(227, 'j92utpx', 3, 730),
(228, 'j92utpx', 4, 734),
(229, 'j92utpx', 5, 736),
(230, 'j92utpx', 6, 738),
(231, 'j92utpx', 7, 740),
(232, 'j92utpx', 8, 742),
(233, 'j92utpx', 9, 744),
(234, 'jlfuw30', 0, 745),
(235, 'jlfuw30', 1, 749),
(236, 'jlfuw30', 2, 754),
(237, 'jlfuw30', 3, 759),
(238, 'jlfuw30', 4, 764),
(239, 'jlfuw30', 5, 766),
(240, 'jlfuw30', 6, 768),
(241, 'jlfuw30', 7, 770),
(242, 'jlfuw30', 8, 772),
(243, 'jlfuw30', 9, 774),
(244, 'of8lduk', 0, 777),
(245, 'of8lduk', 1, 778),
(246, 'of8lduk', 2, 781),
(247, 'of8lduk', 3, 782),
(248, 'of8lduk', 4, 788),
(249, 'of8lduk', 5, 789),
(250, 'of8lduk', 6, 791),
(251, 'of8lduk', 7, 793),
(252, 'of8lduk', 8, 796),
(253, 'of8lduk', 9, 797),
(254, 'tdurz46', 0, 799),
(255, 'tdurz46', 1, 803),
(256, 'tdurz46', 2, 808),
(257, 'tdurz46', 3, 814),
(258, 'tdurz46', 4, 818),
(259, 'tdurz46', 5, 821),
(260, 'tdurz46', 6, 822),
(261, 'tdurz46', 7, 825),
(262, 'tdurz46', 8, 826),
(263, 'tdurz46', 9, 829),
(264, 'fcknige', 0, 830),
(265, 'fcknige', 1, 834),
(266, 'fcknige', 2, 842),
(267, 'fcknige', 3, 847),
(268, 'fcknige', 4, 849),
(269, 'fcknige', 5, 851),
(270, 'fcknige', 6, 853),
(271, 'fcknige', 7, 856),
(272, 'fcknige', 8, 858),
(273, 'fcknige', 9, 859),
(274, '16emskh', 0, 863),
(275, '16emskh', 1, 867),
(276, '16emskh', 2, 871),
(277, '16emskh', 3, 876),
(278, '16emskh', 4, 881),
(279, '16emskh', 5, 883),
(280, '16emskh', 6, 884),
(281, '16emskh', 7, 886),
(282, '16emskh', 8, 889),
(283, '16emskh', 9, 890),
(284, 'xsufkr6', 0, 892),
(285, 'xsufkr6', 1, 900),
(286, 'xsufkr6', 2, 901),
(287, 'xsufkr6', 3, 907),
(288, 'xsufkr6', 4, 912),
(289, 'xsufkr6', 5, 914),
(290, 'xsufkr6', 6, 916),
(291, 'xsufkr6', 7, 918),
(292, 'xsufkr6', 8, 920),
(293, 'xsufkr6', 9, 922),
(294, 'lkv980t', 0, 923),
(295, 'lkv980t', 1, 928),
(296, 'lkv980t', 2, 932),
(297, 'lkv980t', 3, 940),
(298, 'lkv980t', 4, 943),
(299, 'lkv980t', 5, 944),
(300, 'lkv980t', 6, 947),
(301, 'lkv980t', 7, 949),
(302, 'lkv980t', 8, 951),
(303, 'lkv980t', 9, 953),
(304, 'awx130s', 0, 954),
(305, 'awx130s', 1, 958),
(306, 'awx130s', 2, 964),
(307, 'awx130s', 3, 970),
(308, 'awx130s', 4, 973),
(309, 'awx130s', 5, 975),
(310, 'awx130s', 6, 977),
(311, 'awx130s', 7, 979),
(312, 'awx130s', 8, 981),
(313, 'awx130s', 9, 983),
(314, 'lapgu0e', 0, 987),
(315, 'lapgu0e', 1, 992),
(316, 'lapgu0e', 2, 994),
(317, 'lapgu0e', 3, 999),
(318, 'lapgu0e', 4, 1004),
(319, 'lapgu0e', 5, 1007),
(320, 'lapgu0e', 6, 1008),
(321, 'lapgu0e', 7, 1010),
(322, 'lapgu0e', 8, 1013),
(323, 'lapgu0e', 9, 1015),
(324, 'kll4x10', 0, 1016),
(325, 'kll4x10', 1, 1024),
(326, 'kll4x10', 2, 1028),
(327, 'kll4x10', 3, 1033),
(328, 'kll4x10', 4, 1036),
(329, 'kll4x10', 5, 1038),
(330, 'kll4x10', 6, 1040),
(331, 'kll4x10', 7, 1042),
(332, 'kll4x10', 8, 1044),
(333, 'kll4x10', 9, 1045),
(334, 'fmfzo3o', 0, 1047),
(335, 'fmfzo3o', 1, 1055),
(336, 'fmfzo3o', 2, 1058),
(337, 'fmfzo3o', 3, 1063),
(338, 'fmfzo3o', 4, 1066),
(339, 'fmfzo3o', 5, 1068),
(340, 'fmfzo3o', 6, 1070),
(341, 'fmfzo3o', 7, 1073),
(342, 'fmfzo3o', 8, 1074),
(343, 'fmfzo3o', 9, 1076),
(344, 'jzsx1wm', 0, 1078),
(345, 'jzsx1wm', 1, 1082),
(346, 'jzsx1wm', 2, 1088),
(347, 'jzsx1wm', 3, 1093),
(348, 'jzsx1wm', 4, 1098),
(349, 'jzsx1wm', 5, 1099),
(350, 'jzsx1wm', 6, 1102),
(351, 'jzsx1wm', 7, 1103),
(352, 'jzsx1wm', 8, 1106),
(353, 'jzsx1wm', 9, 1108),
(354, 'dnd076f', 0, 1109),
(355, 'dnd076f', 1, 1113),
(356, 'dnd076f', 2, 1118),
(357, 'dnd076f', 3, 1123),
(358, 'dnd076f', 4, 1128),
(359, 'dnd076f', 5, 1130),
(360, 'dnd076f', 6, 1132),
(361, 'dnd076f', 7, 1134),
(362, 'dnd076f', 8, 1136),
(363, 'dnd076f', 9, 1138);

-- --------------------------------------------------------

--
-- Table structure for table `usersoption`
--

DROP TABLE IF EXISTS `usersoption`;
CREATE TABLE IF NOT EXISTS `usersoption` (
  `id` int(11) NOT NULL AUTO_INCREMENT,
  `Qid` int(11) NOT NULL,
  `Uid` varchar(15) NOT NULL,
  `optid` int(11) NOT NULL,
  `options` text NOT NULL,
  PRIMARY KEY (`id`)
) ENGINE=MyISAM AUTO_INCREMENT=1140 DEFAULT CHARSET=latin1;

--
-- Dumping data for table `usersoption`
--

INSERT INTO `usersoption` (`id`, `Qid`, `Uid`, `optid`, `options`) VALUES
(1, 0, 'ps30gbl', 0, 'shahrukh khan'),
(2, 0, 'ps30gbl', 1, 'Salman Khan'),
(3, 0, 'ps30gbl', 2, 'Hritik roshan'),
(4, 0, 'ps30gbl', 3, 'Ranveer singh'),
(5, 1, 'ps30gbl', 0, 'pizza'),
(6, 1, 'ps30gbl', 1, 'burger'),
(7, 1, 'ps30gbl', 2, 'Pav bhaji'),
(8, 1, 'ps30gbl', 3, 'Hot Dog'),
(9, 1, 'ps30gbl', 4, 'Manchuryan'),
(10, 2, 'ps30gbl', 0, 'Chinese'),
(11, 2, 'ps30gbl', 1, 'Indian'),
(12, 2, 'ps30gbl', 2, 'Continental'),
(13, 2, 'ps30gbl', 3, 'Mexican'),
(14, 2, 'ps30gbl', 4, 'Thai'),
(15, 3, 'ps30gbl', 0, 'Lamborghini'),
(16, 3, 'ps30gbl', 1, 'porsche'),
(17, 3, 'ps30gbl', 2, 'Ferari'),
(18, 3, 'ps30gbl', 3, 'BMW'),
(19, 3, 'ps30gbl', 4, 'Mercedes'),
(20, 4, 'ps30gbl', 0, 'manali'),
(21, 4, 'ps30gbl', 1, 'Mount Abu'),
(22, 5, 'ps30gbl', 0, 'salsa'),
(23, 5, 'ps30gbl', 1, 'free'),
(24, 6, 'ps30gbl', 0, 'nike'),
(25, 6, 'ps30gbl', 1, 'reebok'),
(26, 7, 'ps30gbl', 0, 'cafe'),
(27, 7, 'ps30gbl', 1, 'garden'),
(28, 8, 'ps30gbl', 0, 'R15'),
(29, 8, 'ps30gbl', 1, 'Tiger'),
(30, 9, 'ps30gbl', 0, 'summer'),
(31, 9, 'ps30gbl', 1, 'monsoon'),
(32, 0, '47b56tx', 0, 'shahrukh khan'),
(33, 0, '47b56tx', 1, 'Salman Khan'),
(34, 0, '47b56tx', 2, 'Hritik roshan'),
(35, 0, '47b56tx', 3, 'Ranveer singh'),
(36, 1, '47b56tx', 0, 'pizza'),
(37, 1, '47b56tx', 1, 'burger'),
(38, 1, '47b56tx', 2, 'Pav bhaji'),
(39, 1, '47b56tx', 3, 'Hot Dog'),
(40, 1, '47b56tx', 4, 'Manchuryan'),
(41, 2, '47b56tx', 0, 'Chinese'),
(42, 2, '47b56tx', 1, 'Indian'),
(43, 2, '47b56tx', 2, 'Continental'),
(44, 2, '47b56tx', 3, 'Mexican'),
(45, 2, '47b56tx', 4, 'Thai'),
(46, 3, '47b56tx', 0, 'Lamborghini'),
(47, 3, '47b56tx', 1, 'porsche'),
(48, 3, '47b56tx', 2, 'Ferari'),
(49, 3, '47b56tx', 3, 'BMW'),
(50, 3, '47b56tx', 4, 'Mercedes'),
(51, 4, '47b56tx', 0, 'manali'),
(52, 4, '47b56tx', 1, 'Mount Abu'),
(53, 5, '47b56tx', 0, 'salsa'),
(54, 5, '47b56tx', 1, 'free'),
(55, 6, '47b56tx', 0, 'nike'),
(56, 6, '47b56tx', 1, 'reebok'),
(57, 7, '47b56tx', 0, 'cafe'),
(58, 7, '47b56tx', 1, 'garden'),
(59, 8, '47b56tx', 0, 'R15'),
(60, 8, '47b56tx', 1, 'Tiger'),
(61, 9, '47b56tx', 0, 'summer'),
(62, 9, '47b56tx', 1, 'monsoon'),
(63, 0, 'sfonawy', 0, 'shahrukh khan'),
(64, 0, 'sfonawy', 1, 'Salman Khan'),
(65, 0, 'sfonawy', 2, 'Hritik roshan'),
(66, 0, 'sfonawy', 3, 'Ranveer singh'),
(67, 1, 'sfonawy', 0, 'pizza'),
(68, 1, 'sfonawy', 1, 'burger'),
(69, 1, 'sfonawy', 2, 'Pav bhaji'),
(70, 1, 'sfonawy', 3, 'Hot Dog'),
(71, 1, 'sfonawy', 4, 'Manchuryan'),
(72, 2, 'sfonawy', 0, 'Chinese'),
(73, 2, 'sfonawy', 1, 'Indian'),
(74, 2, 'sfonawy', 2, 'Continental'),
(75, 2, 'sfonawy', 3, 'Mexican'),
(76, 2, 'sfonawy', 4, 'Thai'),
(77, 3, 'sfonawy', 0, 'Lamborghini'),
(78, 3, 'sfonawy', 1, 'porsche'),
(79, 3, 'sfonawy', 2, 'Ferari'),
(80, 3, 'sfonawy', 3, 'BMW'),
(81, 3, 'sfonawy', 4, 'Mercedes'),
(82, 4, 'sfonawy', 0, 'manali'),
(83, 4, 'sfonawy', 1, 'Mount Abu'),
(84, 5, 'sfonawy', 0, 'salsa'),
(85, 5, 'sfonawy', 1, 'free'),
(86, 6, 'sfonawy', 0, 'nike'),
(87, 6, 'sfonawy', 1, 'reebok'),
(88, 7, 'sfonawy', 0, 'cafe'),
(89, 7, 'sfonawy', 1, 'garden'),
(90, 8, 'sfonawy', 0, 'R15'),
(91, 8, 'sfonawy', 1, 'Tiger'),
(92, 9, 'sfonawy', 0, 'summer'),
(93, 9, 'sfonawy', 1, 'monsoon'),
(94, 0, 'p9vbjyb', 0, 'shahrukh khan'),
(95, 0, 'p9vbjyb', 1, 'Salman Khan'),
(96, 0, 'p9vbjyb', 2, 'Hritik roshan'),
(97, 0, 'p9vbjyb', 3, 'Ranveer singh'),
(98, 1, 'p9vbjyb', 0, 'pizza'),
(99, 1, 'p9vbjyb', 1, 'burger'),
(100, 1, 'p9vbjyb', 2, 'Pav bhaji'),
(101, 1, 'p9vbjyb', 3, 'Hot Dog'),
(102, 1, 'p9vbjyb', 4, 'Manchuryan'),
(103, 2, 'p9vbjyb', 0, 'Chinese'),
(104, 2, 'p9vbjyb', 1, 'Indian'),
(105, 2, 'p9vbjyb', 2, 'Continental'),
(106, 2, 'p9vbjyb', 3, 'Mexican'),
(107, 2, 'p9vbjyb', 4, 'Thai'),
(108, 3, 'p9vbjyb', 0, 'Lamborghini'),
(109, 3, 'p9vbjyb', 1, 'porsche'),
(110, 3, 'p9vbjyb', 2, 'Ferari'),
(111, 3, 'p9vbjyb', 3, 'BMW'),
(112, 3, 'p9vbjyb', 4, 'Mercedes'),
(113, 4, 'p9vbjyb', 0, 'manali'),
(114, 4, 'p9vbjyb', 1, 'Mount Abu'),
(115, 5, 'p9vbjyb', 0, 'salsa'),
(116, 5, 'p9vbjyb', 1, 'free'),
(117, 6, 'p9vbjyb', 0, 'nike'),
(118, 6, 'p9vbjyb', 1, 'reebok'),
(119, 7, 'p9vbjyb', 0, 'cafe'),
(120, 7, 'p9vbjyb', 1, 'garden'),
(121, 8, 'p9vbjyb', 0, 'R15'),
(122, 8, 'p9vbjyb', 1, 'Tiger'),
(123, 9, 'p9vbjyb', 0, 'summer'),
(124, 9, 'p9vbjyb', 1, 'monsoon'),
(125, 0, 'd0wy3fy', 0, 'shahrukh khan'),
(126, 0, 'd0wy3fy', 1, 'Salman Khan'),
(127, 0, 'd0wy3fy', 2, 'Hritik roshan'),
(128, 0, 'd0wy3fy', 3, 'Ranveer singh'),
(129, 1, 'd0wy3fy', 0, 'pizza'),
(130, 1, 'd0wy3fy', 1, 'burger'),
(131, 1, 'd0wy3fy', 2, 'Pav bhaji'),
(132, 1, 'd0wy3fy', 3, 'Hot Dog'),
(133, 1, 'd0wy3fy', 4, 'Manchuryan'),
(134, 2, 'd0wy3fy', 0, 'Chinese'),
(135, 2, 'd0wy3fy', 1, 'Indian'),
(136, 2, 'd0wy3fy', 2, 'Continental'),
(137, 2, 'd0wy3fy', 3, 'Mexican'),
(138, 2, 'd0wy3fy', 4, 'Thai'),
(139, 3, 'd0wy3fy', 0, 'Lamborghini'),
(140, 3, 'd0wy3fy', 1, 'porsche'),
(141, 3, 'd0wy3fy', 2, 'Ferari'),
(142, 3, 'd0wy3fy', 3, 'BMW'),
(143, 3, 'd0wy3fy', 4, 'Mercedes'),
(144, 4, 'd0wy3fy', 0, 'manali'),
(145, 4, 'd0wy3fy', 1, 'Mount Abu'),
(146, 5, 'd0wy3fy', 0, 'salsa'),
(147, 5, 'd0wy3fy', 1, 'free'),
(148, 6, 'd0wy3fy', 0, 'nike'),
(149, 6, 'd0wy3fy', 1, 'reebok'),
(150, 7, 'd0wy3fy', 0, 'cafe'),
(151, 7, 'd0wy3fy', 1, 'garden'),
(152, 8, 'd0wy3fy', 0, 'R15'),
(153, 8, 'd0wy3fy', 1, 'Tiger'),
(154, 9, 'd0wy3fy', 0, 'summer'),
(155, 9, 'd0wy3fy', 1, 'monsoon'),
(156, 0, 'ifh6i4p', 0, 'shahrukh khan'),
(157, 0, 'ifh6i4p', 1, 'Salman Khan'),
(158, 0, 'ifh6i4p', 2, 'Hritik roshan'),
(159, 0, 'ifh6i4p', 3, 'Ranveer singh'),
(160, 1, 'ifh6i4p', 0, 'pizza'),
(161, 1, 'ifh6i4p', 1, 'burger'),
(162, 1, 'ifh6i4p', 2, 'Pav bhaji'),
(163, 1, 'ifh6i4p', 3, 'Hot Dog'),
(164, 1, 'ifh6i4p', 4, 'Manchuryan'),
(165, 2, 'ifh6i4p', 0, 'Chinese'),
(166, 2, 'ifh6i4p', 1, 'Indian'),
(167, 2, 'ifh6i4p', 2, 'Continental'),
(168, 2, 'ifh6i4p', 3, 'Mexican'),
(169, 2, 'ifh6i4p', 4, 'Thai'),
(170, 3, 'ifh6i4p', 0, 'Lamborghini'),
(171, 3, 'ifh6i4p', 1, 'porsche'),
(172, 3, 'ifh6i4p', 2, 'Ferari'),
(173, 3, 'ifh6i4p', 3, 'BMW'),
(174, 3, 'ifh6i4p', 4, 'Mercedes'),
(175, 4, 'ifh6i4p', 0, 'manali'),
(176, 4, 'ifh6i4p', 1, 'Mount Abu'),
(177, 5, 'ifh6i4p', 0, 'salsa'),
(178, 5, 'ifh6i4p', 1, 'free'),
(179, 6, 'ifh6i4p', 0, 'nike'),
(180, 6, 'ifh6i4p', 1, 'reebok'),
(181, 7, 'ifh6i4p', 0, 'cafe'),
(182, 7, 'ifh6i4p', 1, 'garden'),
(183, 8, 'ifh6i4p', 0, 'R15'),
(184, 8, 'ifh6i4p', 1, 'Tiger'),
(185, 9, 'ifh6i4p', 0, 'summer'),
(186, 9, 'ifh6i4p', 1, 'monsoon'),
(187, 0, 'ifh6i4p', 0, 'shahrukh khan'),
(188, 0, 'ifh6i4p', 1, 'Salman Khan'),
(189, 0, 'ifh6i4p', 2, 'Hritik roshan'),
(190, 0, 'ifh6i4p', 3, 'Ranveer singh'),
(191, 1, 'ifh6i4p', 0, 'pizza'),
(192, 1, 'ifh6i4p', 1, 'burger'),
(193, 1, 'ifh6i4p', 2, 'Pav bhaji'),
(194, 1, 'ifh6i4p', 3, 'Hot Dog'),
(195, 1, 'ifh6i4p', 4, 'Manchuryan'),
(196, 2, 'ifh6i4p', 0, 'Chinese'),
(197, 2, 'ifh6i4p', 1, 'Indian'),
(198, 2, 'ifh6i4p', 2, 'Continental'),
(199, 2, 'ifh6i4p', 3, 'Mexican'),
(200, 2, 'ifh6i4p', 4, 'Thai'),
(201, 3, 'ifh6i4p', 0, 'Lamborghini'),
(202, 3, 'ifh6i4p', 1, 'porsche'),
(203, 3, 'ifh6i4p', 2, 'Ferari'),
(204, 3, 'ifh6i4p', 3, 'BMW'),
(205, 3, 'ifh6i4p', 4, 'Mercedes'),
(206, 4, 'ifh6i4p', 0, 'manali'),
(207, 4, 'ifh6i4p', 1, 'Mount Abu'),
(208, 5, 'ifh6i4p', 0, 'salsa'),
(209, 5, 'ifh6i4p', 1, 'free'),
(210, 6, 'ifh6i4p', 0, 'nike'),
(211, 6, 'ifh6i4p', 1, 'reebok'),
(212, 7, 'ifh6i4p', 0, 'cafe'),
(213, 7, 'ifh6i4p', 1, 'garden'),
(214, 8, 'ifh6i4p', 0, 'R15'),
(215, 8, 'ifh6i4p', 1, 'Tiger'),
(216, 9, 'ifh6i4p', 0, 'summer'),
(217, 9, 'ifh6i4p', 1, 'monsoon'),
(218, 0, '5xqqex5', 0, 'shahrukh khan'),
(219, 0, '5xqqex5', 1, 'Salman Khan'),
(220, 0, '5xqqex5', 2, 'Hritik roshan'),
(221, 0, '5xqqex5', 3, 'Ranveer singh'),
(222, 1, '5xqqex5', 0, 'pizza'),
(223, 1, '5xqqex5', 1, 'burger'),
(224, 1, '5xqqex5', 2, 'Pav bhaji'),
(225, 1, '5xqqex5', 3, 'Hot Dog'),
(226, 1, '5xqqex5', 4, 'Manchuryan'),
(227, 2, '5xqqex5', 0, 'Chinese'),
(228, 2, '5xqqex5', 1, 'Indian'),
(229, 2, '5xqqex5', 2, 'Continental'),
(230, 2, '5xqqex5', 3, 'Mexican'),
(231, 2, '5xqqex5', 4, 'Thai'),
(232, 3, '5xqqex5', 0, 'Lamborghini'),
(233, 3, '5xqqex5', 1, 'porsche'),
(234, 3, '5xqqex5', 2, 'Ferari'),
(235, 3, '5xqqex5', 3, 'BMW'),
(236, 3, '5xqqex5', 4, 'Mercedes'),
(237, 4, '5xqqex5', 0, 'manali'),
(238, 4, '5xqqex5', 1, 'Mount Abu'),
(239, 5, '5xqqex5', 0, 'salsa'),
(240, 5, '5xqqex5', 1, 'free'),
(241, 6, '5xqqex5', 0, 'nike'),
(242, 6, '5xqqex5', 1, 'reebok'),
(243, 7, '5xqqex5', 0, 'cafe'),
(244, 7, '5xqqex5', 1, 'garden'),
(245, 8, '5xqqex5', 0, 'R15'),
(246, 8, '5xqqex5', 1, 'Tiger'),
(247, 9, '5xqqex5', 0, 'summer'),
(248, 9, '5xqqex5', 1, 'monsoon'),
(249, 0, '2gqs43l', 0, 'shahrukh khan'),
(250, 0, '2gqs43l', 1, 'Salman Khan'),
(251, 0, '2gqs43l', 2, 'Hritik roshan'),
(252, 0, '2gqs43l', 3, 'Ranveer singh'),
(253, 1, '2gqs43l', 0, 'pizza'),
(254, 1, '2gqs43l', 1, 'burger'),
(255, 1, '2gqs43l', 2, 'Pav bhaji'),
(256, 1, '2gqs43l', 3, 'Hot Dog'),
(257, 1, '2gqs43l', 4, 'Manchuryan'),
(258, 2, '2gqs43l', 0, 'Chinese'),
(259, 2, '2gqs43l', 1, 'Indian'),
(260, 2, '2gqs43l', 2, 'Continental'),
(261, 2, '2gqs43l', 3, 'Mexican'),
(262, 2, '2gqs43l', 4, 'Thai'),
(263, 3, '2gqs43l', 0, 'Lamborghini'),
(264, 3, '2gqs43l', 1, 'porsche'),
(265, 3, '2gqs43l', 2, 'Ferari'),
(266, 3, '2gqs43l', 3, 'BMW'),
(267, 3, '2gqs43l', 4, 'Mercedes'),
(268, 4, '2gqs43l', 0, 'manali'),
(269, 4, '2gqs43l', 1, 'Mount Abu'),
(270, 5, '2gqs43l', 0, 'salsa'),
(271, 5, '2gqs43l', 1, 'free'),
(272, 6, '2gqs43l', 0, 'nike'),
(273, 6, '2gqs43l', 1, 'reebok'),
(274, 7, '2gqs43l', 0, 'cafe'),
(275, 7, '2gqs43l', 1, 'garden'),
(276, 8, '2gqs43l', 0, 'R15'),
(277, 8, '2gqs43l', 1, 'Tiger'),
(278, 9, '2gqs43l', 0, 'summer'),
(279, 9, '2gqs43l', 1, 'monsoon'),
(280, 0, 'phgkiv1', 0, 'shahrukh khan'),
(281, 0, 'phgkiv1', 1, 'Salman Khan'),
(282, 0, 'phgkiv1', 2, 'Hritik roshan'),
(283, 0, 'phgkiv1', 3, 'Ranveer singh'),
(284, 1, 'phgkiv1', 0, 'pizza'),
(285, 1, 'phgkiv1', 1, 'burger'),
(286, 1, 'phgkiv1', 2, 'Pav bhaji'),
(287, 1, 'phgkiv1', 3, 'Hot Dog'),
(288, 1, 'phgkiv1', 4, 'Manchuryan'),
(289, 2, 'phgkiv1', 0, 'Chinese'),
(290, 2, 'phgkiv1', 1, 'Indian'),
(291, 2, 'phgkiv1', 2, 'Continental'),
(292, 2, 'phgkiv1', 3, 'Mexican'),
(293, 2, 'phgkiv1', 4, 'Thai'),
(294, 3, 'phgkiv1', 0, 'Lamborghini'),
(295, 3, 'phgkiv1', 1, 'porsche'),
(296, 3, 'phgkiv1', 2, 'Ferari'),
(297, 3, 'phgkiv1', 3, 'BMW'),
(298, 3, 'phgkiv1', 4, 'Mercedes'),
(299, 4, 'phgkiv1', 0, 'manali'),
(300, 4, 'phgkiv1', 1, 'Mount Abu'),
(301, 5, 'phgkiv1', 0, 'salsa'),
(302, 5, 'phgkiv1', 1, 'free'),
(303, 6, 'phgkiv1', 0, 'nike'),
(304, 6, 'phgkiv1', 1, 'reebok'),
(305, 7, 'phgkiv1', 0, 'cafe'),
(306, 7, 'phgkiv1', 1, 'garden'),
(307, 8, 'phgkiv1', 0, 'R15'),
(308, 8, 'phgkiv1', 1, 'Tiger'),
(309, 9, 'phgkiv1', 0, 'summer'),
(310, 9, 'phgkiv1', 1, 'monsoon'),
(311, 0, 'd8otzb7', 0, 'shahrukh khan'),
(312, 0, 'd8otzb7', 1, 'Salman Khan'),
(313, 0, 'd8otzb7', 2, 'Hritik roshan'),
(314, 0, 'd8otzb7', 3, 'Ranveer singh'),
(315, 1, 'd8otzb7', 0, 'pizza'),
(316, 1, 'd8otzb7', 1, 'burger'),
(317, 1, 'd8otzb7', 2, 'Pav bhaji'),
(318, 1, 'd8otzb7', 3, 'Hot Dog'),
(319, 1, 'd8otzb7', 4, 'Manchuryan'),
(320, 2, 'd8otzb7', 0, 'Chinese'),
(321, 2, 'd8otzb7', 1, 'Indian'),
(322, 2, 'd8otzb7', 2, 'Continental'),
(323, 2, 'd8otzb7', 3, 'Mexican'),
(324, 2, 'd8otzb7', 4, 'Thai'),
(325, 3, 'd8otzb7', 0, 'Lamborghini'),
(326, 3, 'd8otzb7', 1, 'porsche'),
(327, 3, 'd8otzb7', 2, 'Ferari'),
(328, 3, 'd8otzb7', 3, 'BMW'),
(329, 3, 'd8otzb7', 4, 'Mercedes'),
(330, 4, 'd8otzb7', 0, 'manali'),
(331, 4, 'd8otzb7', 1, 'Mount Abu'),
(332, 5, 'd8otzb7', 0, 'salsa'),
(333, 5, 'd8otzb7', 1, 'free'),
(334, 6, 'd8otzb7', 0, 'nike'),
(335, 6, 'd8otzb7', 1, 'reebok'),
(336, 7, 'd8otzb7', 0, 'cafe'),
(337, 7, 'd8otzb7', 1, 'garden'),
(338, 8, 'd8otzb7', 0, 'R15'),
(339, 8, 'd8otzb7', 1, 'Tiger'),
(340, 9, 'd8otzb7', 0, 'summer'),
(341, 9, 'd8otzb7', 1, 'monsoon'),
(342, 0, 'cccwnvo', 0, 'shahrukh khan'),
(343, 0, 'cccwnvo', 1, 'Salman Khan'),
(344, 0, 'cccwnvo', 2, 'Hritik roshan'),
(345, 0, 'cccwnvo', 3, 'Ranveer singh'),
(346, 1, 'cccwnvo', 0, 'pizza'),
(347, 1, 'cccwnvo', 1, 'burger'),
(348, 1, 'cccwnvo', 2, 'Pav bhaji'),
(349, 1, 'cccwnvo', 3, 'Hot Dog'),
(350, 1, 'cccwnvo', 4, 'Manchuryan'),
(351, 2, 'cccwnvo', 0, 'Chinese'),
(352, 2, 'cccwnvo', 1, 'Indian'),
(353, 2, 'cccwnvo', 2, 'Continental'),
(354, 2, 'cccwnvo', 3, 'Mexican'),
(355, 2, 'cccwnvo', 4, 'Thai'),
(356, 3, 'cccwnvo', 0, 'Lamborghini'),
(357, 3, 'cccwnvo', 1, 'porsche'),
(358, 3, 'cccwnvo', 2, 'Ferari'),
(359, 3, 'cccwnvo', 3, 'BMW'),
(360, 3, 'cccwnvo', 4, 'Mercedes'),
(361, 4, 'cccwnvo', 0, 'manali'),
(362, 4, 'cccwnvo', 1, 'Mount Abu'),
(363, 5, 'cccwnvo', 0, 'salsa'),
(364, 5, 'cccwnvo', 1, 'free'),
(365, 6, 'cccwnvo', 0, 'nike'),
(366, 6, 'cccwnvo', 1, 'reebok'),
(367, 7, 'cccwnvo', 0, 'cafe'),
(368, 7, 'cccwnvo', 1, 'garden'),
(369, 8, 'cccwnvo', 0, 'R15'),
(370, 8, 'cccwnvo', 1, 'Tiger'),
(371, 9, 'cccwnvo', 0, 'summer'),
(372, 9, 'cccwnvo', 1, 'monsoon'),
(373, 0, '29op9eg', 0, 'shahrukh khan'),
(374, 0, '29op9eg', 1, 'Salman Khan'),
(375, 0, '29op9eg', 2, 'Hritik roshan'),
(376, 0, '29op9eg', 3, 'Ranveer singh'),
(377, 1, '29op9eg', 0, 'pizza'),
(378, 1, '29op9eg', 1, 'burger'),
(379, 1, '29op9eg', 2, 'Pav bhaji'),
(380, 1, '29op9eg', 3, 'Hot Dog'),
(381, 1, '29op9eg', 4, 'Manchuryan'),
(382, 2, '29op9eg', 0, 'Chinese'),
(383, 2, '29op9eg', 1, 'Indian'),
(384, 2, '29op9eg', 2, 'Continental'),
(385, 2, '29op9eg', 3, 'Mexican'),
(386, 2, '29op9eg', 4, 'Thai'),
(387, 3, '29op9eg', 0, 'Lamborghini'),
(388, 3, '29op9eg', 1, 'porsche'),
(389, 3, '29op9eg', 2, 'Ferari'),
(390, 3, '29op9eg', 3, 'BMW'),
(391, 3, '29op9eg', 4, 'Mercedes'),
(392, 4, '29op9eg', 0, 'manali'),
(393, 4, '29op9eg', 1, 'Mount Abu'),
(394, 5, '29op9eg', 0, 'salsa'),
(395, 5, '29op9eg', 1, 'free'),
(396, 6, '29op9eg', 0, 'nike'),
(397, 6, '29op9eg', 1, 'reebok'),
(398, 7, '29op9eg', 0, 'cafe'),
(399, 7, '29op9eg', 1, 'garden'),
(400, 8, '29op9eg', 0, 'R15'),
(401, 8, '29op9eg', 1, 'Tiger'),
(402, 9, '29op9eg', 0, 'summer'),
(403, 9, '29op9eg', 1, 'monsoon'),
(404, 0, 'mj6revd', 0, 'shahrukh khan'),
(405, 0, 'mj6revd', 1, 'Salman Khan'),
(406, 0, 'mj6revd', 2, 'Hritik roshan'),
(407, 0, 'mj6revd', 3, 'Ranveer singh'),
(408, 1, 'mj6revd', 0, 'pizza'),
(409, 1, 'mj6revd', 1, 'burger'),
(410, 1, 'mj6revd', 2, 'Pav bhaji'),
(411, 1, 'mj6revd', 3, 'Hot Dog'),
(412, 1, 'mj6revd', 4, 'Manchuryan'),
(413, 2, 'mj6revd', 0, 'Chinese'),
(414, 2, 'mj6revd', 1, 'Indian'),
(415, 2, 'mj6revd', 2, 'Continental'),
(416, 2, 'mj6revd', 3, 'Mexican'),
(417, 2, 'mj6revd', 4, 'Thai'),
(418, 3, 'mj6revd', 0, 'Lamborghini'),
(419, 3, 'mj6revd', 1, 'porsche'),
(420, 3, 'mj6revd', 2, 'Ferari'),
(421, 3, 'mj6revd', 3, 'BMW'),
(422, 3, 'mj6revd', 4, 'Mercedes'),
(423, 4, 'mj6revd', 0, 'manali'),
(424, 4, 'mj6revd', 1, 'Mount Abu'),
(425, 5, 'mj6revd', 0, 'salsa'),
(426, 5, 'mj6revd', 1, 'free'),
(427, 6, 'mj6revd', 0, 'nike'),
(428, 6, 'mj6revd', 1, 'reebok'),
(429, 7, 'mj6revd', 0, 'cafe'),
(430, 7, 'mj6revd', 1, 'garden'),
(431, 8, 'mj6revd', 0, 'R15'),
(432, 8, 'mj6revd', 1, 'Tiger'),
(433, 9, 'mj6revd', 0, 'summer'),
(434, 9, 'mj6revd', 1, 'monsoon'),
(435, 0, 'x9dsux5', 0, 'shahrukh khan'),
(436, 0, 'x9dsux5', 1, 'Salman Khan'),
(437, 0, 'x9dsux5', 2, 'Hritik roshan'),
(438, 0, 'x9dsux5', 3, 'Ranveer singh'),
(439, 1, 'x9dsux5', 0, 'pizza'),
(440, 1, 'x9dsux5', 1, 'burger'),
(441, 1, 'x9dsux5', 2, 'Pav bhaji'),
(442, 1, 'x9dsux5', 3, 'Hot Dog'),
(443, 1, 'x9dsux5', 4, 'Manchuryan'),
(444, 2, 'x9dsux5', 0, 'Chinese'),
(445, 2, 'x9dsux5', 1, 'Indian'),
(446, 2, 'x9dsux5', 2, 'Continental'),
(447, 2, 'x9dsux5', 3, 'Mexican'),
(448, 2, 'x9dsux5', 4, 'Thai'),
(449, 3, 'x9dsux5', 0, 'Lamborghini'),
(450, 3, 'x9dsux5', 1, 'porsche'),
(451, 3, 'x9dsux5', 2, 'Ferari'),
(452, 3, 'x9dsux5', 3, 'BMW'),
(453, 3, 'x9dsux5', 4, 'Mercedes'),
(454, 4, 'x9dsux5', 0, 'manali'),
(455, 4, 'x9dsux5', 1, 'Mount Abu'),
(456, 5, 'x9dsux5', 0, 'salsa'),
(457, 5, 'x9dsux5', 1, 'free'),
(458, 6, 'x9dsux5', 0, 'nike'),
(459, 6, 'x9dsux5', 1, 'reebok'),
(460, 7, 'x9dsux5', 0, 'cafe'),
(461, 7, 'x9dsux5', 1, 'garden'),
(462, 8, 'x9dsux5', 0, 'R15'),
(463, 8, 'x9dsux5', 1, 'Tiger'),
(464, 9, 'x9dsux5', 0, 'summer'),
(465, 9, 'x9dsux5', 1, 'monsoon'),
(466, 0, '7q27j5z', 0, 'shahrukh khan'),
(467, 0, '7q27j5z', 1, 'Salman Khan'),
(468, 0, '7q27j5z', 2, 'Hritik roshan'),
(469, 0, '7q27j5z', 3, 'Ranveer singh'),
(470, 1, '7q27j5z', 0, 'pizza'),
(471, 1, '7q27j5z', 1, 'burger'),
(472, 1, '7q27j5z', 2, 'Pav bhaji'),
(473, 1, '7q27j5z', 3, 'Hot Dog'),
(474, 1, '7q27j5z', 4, 'Manchuryan'),
(475, 2, '7q27j5z', 0, 'Chinese'),
(476, 2, '7q27j5z', 1, 'Indian'),
(477, 2, '7q27j5z', 2, 'Continental'),
(478, 2, '7q27j5z', 3, 'Mexican'),
(479, 2, '7q27j5z', 4, 'Thai'),
(480, 3, '7q27j5z', 0, 'Lamborghini'),
(481, 3, '7q27j5z', 1, 'porsche'),
(482, 3, '7q27j5z', 2, 'Ferari'),
(483, 3, '7q27j5z', 3, 'BMW'),
(484, 3, '7q27j5z', 4, 'Mercedes'),
(485, 4, '7q27j5z', 0, 'manali'),
(486, 4, '7q27j5z', 1, 'Mount Abu'),
(487, 5, '7q27j5z', 0, 'salsa'),
(488, 5, '7q27j5z', 1, 'free'),
(489, 6, '7q27j5z', 0, 'nike'),
(490, 6, '7q27j5z', 1, 'reebok'),
(491, 7, '7q27j5z', 0, 'cafe'),
(492, 7, '7q27j5z', 1, 'garden'),
(493, 8, '7q27j5z', 0, 'R15'),
(494, 8, '7q27j5z', 1, 'Tiger'),
(495, 9, '7q27j5z', 0, 'summer'),
(496, 9, '7q27j5z', 1, 'monsoon'),
(497, 0, 'gduc6c0', 0, 'shahrukh khan'),
(498, 0, 'gduc6c0', 1, 'Salman Khan'),
(499, 0, 'gduc6c0', 2, 'Hritik roshan'),
(500, 0, 'gduc6c0', 3, 'Ranveer singh'),
(501, 1, 'gduc6c0', 0, 'pizza'),
(502, 1, 'gduc6c0', 1, 'burger'),
(503, 1, 'gduc6c0', 2, 'Pav bhaji'),
(504, 1, 'gduc6c0', 3, 'Hot Dog'),
(505, 1, 'gduc6c0', 4, 'Manchuryan'),
(506, 2, 'gduc6c0', 0, 'Chinese'),
(507, 2, 'gduc6c0', 1, 'Indian'),
(508, 2, 'gduc6c0', 2, 'Continental'),
(509, 2, 'gduc6c0', 3, 'Mexican'),
(510, 2, 'gduc6c0', 4, 'Thai'),
(511, 3, 'gduc6c0', 0, 'Lamborghini'),
(512, 3, 'gduc6c0', 1, 'porsche'),
(513, 3, 'gduc6c0', 2, 'Ferari'),
(514, 3, 'gduc6c0', 3, 'BMW'),
(515, 3, 'gduc6c0', 4, 'Mercedes'),
(516, 4, 'gduc6c0', 0, 'manali'),
(517, 4, 'gduc6c0', 1, 'Mount Abu'),
(518, 5, 'gduc6c0', 0, 'salsa'),
(519, 5, 'gduc6c0', 1, 'free'),
(520, 6, 'gduc6c0', 0, 'nike'),
(521, 6, 'gduc6c0', 1, 'reebok'),
(522, 7, 'gduc6c0', 0, 'cafe'),
(523, 7, 'gduc6c0', 1, 'garden'),
(524, 8, 'gduc6c0', 0, 'R15'),
(525, 8, 'gduc6c0', 1, 'Tiger'),
(526, 9, 'gduc6c0', 0, 'summer'),
(527, 9, 'gduc6c0', 1, 'monsoon'),
(528, 0, '4pfdjiv', 0, 'shahrukh khan'),
(529, 0, '4pfdjiv', 1, 'Salman Khan'),
(530, 0, '4pfdjiv', 2, 'Hritik roshan'),
(531, 0, '4pfdjiv', 3, 'Ranveer singh'),
(532, 1, '4pfdjiv', 0, 'pizza'),
(533, 1, '4pfdjiv', 1, 'burger'),
(534, 1, '4pfdjiv', 2, 'Pav bhaji'),
(535, 1, '4pfdjiv', 3, 'Hot Dog'),
(536, 1, '4pfdjiv', 4, 'Manchuryan'),
(537, 2, '4pfdjiv', 0, 'Chinese'),
(538, 2, '4pfdjiv', 1, 'Indian'),
(539, 2, '4pfdjiv', 2, 'Continental'),
(540, 2, '4pfdjiv', 3, 'Mexican'),
(541, 2, '4pfdjiv', 4, 'Thai'),
(542, 3, '4pfdjiv', 0, 'Lamborghini'),
(543, 3, '4pfdjiv', 1, 'porsche'),
(544, 3, '4pfdjiv', 2, 'Ferari'),
(545, 3, '4pfdjiv', 3, 'BMW'),
(546, 3, '4pfdjiv', 4, 'Mercedes'),
(547, 4, '4pfdjiv', 0, 'manali'),
(548, 4, '4pfdjiv', 1, 'Mount Abu'),
(549, 5, '4pfdjiv', 0, 'salsa'),
(550, 5, '4pfdjiv', 1, 'free'),
(551, 6, '4pfdjiv', 0, 'nike'),
(552, 6, '4pfdjiv', 1, 'reebok'),
(553, 7, '4pfdjiv', 0, 'cafe'),
(554, 7, '4pfdjiv', 1, 'garden'),
(555, 8, '4pfdjiv', 0, 'R15'),
(556, 8, '4pfdjiv', 1, 'Tiger'),
(557, 9, '4pfdjiv', 0, 'summer'),
(558, 9, '4pfdjiv', 1, 'monsoon'),
(559, 0, '84rvobd', 0, 'shahrukh khan'),
(560, 0, '84rvobd', 1, 'Salman Khan'),
(561, 0, '84rvobd', 2, 'Hritik roshan'),
(562, 0, '84rvobd', 3, 'Ranveer singh'),
(563, 1, '84rvobd', 0, 'pizza'),
(564, 1, '84rvobd', 1, 'burger'),
(565, 1, '84rvobd', 2, 'Pav bhaji'),
(566, 1, '84rvobd', 3, 'Hot Dog'),
(567, 1, '84rvobd', 4, 'Manchuryan'),
(568, 2, '84rvobd', 0, 'Chinese'),
(569, 2, '84rvobd', 1, 'Indian'),
(570, 2, '84rvobd', 2, 'Continental'),
(571, 2, '84rvobd', 3, 'Mexican'),
(572, 2, '84rvobd', 4, 'Thai'),
(573, 3, '84rvobd', 0, 'Lamborghini'),
(574, 3, '84rvobd', 1, 'porsche'),
(575, 3, '84rvobd', 2, 'Ferari'),
(576, 3, '84rvobd', 3, 'BMW'),
(577, 3, '84rvobd', 4, 'Mercedes'),
(578, 4, '84rvobd', 0, 'manali'),
(579, 4, '84rvobd', 1, 'Mount Abu'),
(580, 5, '84rvobd', 0, 'salsa'),
(581, 5, '84rvobd', 1, 'free'),
(582, 6, '84rvobd', 0, 'nike'),
(583, 6, '84rvobd', 1, 'reebok'),
(584, 7, '84rvobd', 0, 'cafe'),
(585, 7, '84rvobd', 1, 'garden'),
(586, 8, '84rvobd', 0, 'R15'),
(587, 8, '84rvobd', 1, 'Tiger'),
(588, 9, '84rvobd', 0, 'summer'),
(589, 9, '84rvobd', 1, 'monsoon'),
(590, 0, 'odqj4rp', 0, 'shahrukh khan'),
(591, 0, 'odqj4rp', 1, 'Salman Khan'),
(592, 0, 'odqj4rp', 2, 'Hritik roshan'),
(593, 0, 'odqj4rp', 3, 'Ranveer singh'),
(594, 1, 'odqj4rp', 0, 'pizza'),
(595, 1, 'odqj4rp', 1, 'burger'),
(596, 1, 'odqj4rp', 2, 'Pav bhaji'),
(597, 1, 'odqj4rp', 3, 'Hot Dog'),
(598, 1, 'odqj4rp', 4, 'Manchuryan'),
(599, 2, 'odqj4rp', 0, 'Chinese'),
(600, 2, 'odqj4rp', 1, 'Indian'),
(601, 2, 'odqj4rp', 2, 'Continental'),
(602, 2, 'odqj4rp', 3, 'Mexican'),
(603, 2, 'odqj4rp', 4, 'Thai'),
(604, 3, 'odqj4rp', 0, 'Lamborghini'),
(605, 3, 'odqj4rp', 1, 'porsche'),
(606, 3, 'odqj4rp', 2, 'Ferari'),
(607, 3, 'odqj4rp', 3, 'BMW'),
(608, 3, 'odqj4rp', 4, 'Mercedes'),
(609, 4, 'odqj4rp', 0, 'manali'),
(610, 4, 'odqj4rp', 1, 'Mount Abu'),
(611, 5, 'odqj4rp', 0, 'salsa'),
(612, 5, 'odqj4rp', 1, 'free'),
(613, 6, 'odqj4rp', 0, 'nike'),
(614, 6, 'odqj4rp', 1, 'reebok'),
(615, 7, 'odqj4rp', 0, 'cafe'),
(616, 7, 'odqj4rp', 1, 'garden'),
(617, 8, 'odqj4rp', 0, 'R15'),
(618, 8, 'odqj4rp', 1, 'Tiger'),
(619, 9, 'odqj4rp', 0, 'summer'),
(620, 9, 'odqj4rp', 1, 'monsoon'),
(621, 0, 'nvmbss0', 0, 'shahrukh khan'),
(622, 0, 'nvmbss0', 1, 'Salman Khan'),
(623, 0, 'nvmbss0', 2, 'Hritik roshan'),
(624, 0, 'nvmbss0', 3, 'Ranveer singh'),
(625, 1, 'nvmbss0', 0, 'pizza'),
(626, 1, 'nvmbss0', 1, 'burger'),
(627, 1, 'nvmbss0', 2, 'Pav bhaji'),
(628, 1, 'nvmbss0', 3, 'Hot Dog'),
(629, 1, 'nvmbss0', 4, 'Manchuryan'),
(630, 2, 'nvmbss0', 0, 'Chinese'),
(631, 2, 'nvmbss0', 1, 'Indian'),
(632, 2, 'nvmbss0', 2, 'Continental'),
(633, 2, 'nvmbss0', 3, 'Mexican'),
(634, 2, 'nvmbss0', 4, 'Thai'),
(635, 3, 'nvmbss0', 0, 'Lamborghini'),
(636, 3, 'nvmbss0', 1, 'porsche'),
(637, 3, 'nvmbss0', 2, 'Ferari'),
(638, 3, 'nvmbss0', 3, 'BMW'),
(639, 3, 'nvmbss0', 4, 'Mercedes'),
(640, 4, 'nvmbss0', 0, 'manali'),
(641, 4, 'nvmbss0', 1, 'Mount Abu'),
(642, 5, 'nvmbss0', 0, 'salsa'),
(643, 5, 'nvmbss0', 1, 'free'),
(644, 6, 'nvmbss0', 0, 'nike'),
(645, 6, 'nvmbss0', 1, 'reebok'),
(646, 7, 'nvmbss0', 0, 'cafe'),
(647, 7, 'nvmbss0', 1, 'garden'),
(648, 8, 'nvmbss0', 0, 'R15'),
(649, 8, 'nvmbss0', 1, 'Tiger'),
(650, 9, 'nvmbss0', 0, 'summer'),
(651, 9, 'nvmbss0', 1, 'monsoon'),
(652, 0, 'hic6bo3', 0, 'shahrukh khan'),
(653, 0, 'hic6bo3', 1, 'Salman Khan'),
(654, 0, 'hic6bo3', 2, 'Hritik roshan'),
(655, 0, 'hic6bo3', 3, 'Ranveer singh'),
(656, 1, 'hic6bo3', 0, 'pizza'),
(657, 1, 'hic6bo3', 1, 'burger'),
(658, 1, 'hic6bo3', 2, 'Pav bhaji'),
(659, 1, 'hic6bo3', 3, 'Hot Dog'),
(660, 1, 'hic6bo3', 4, 'Manchuryan'),
(661, 2, 'hic6bo3', 0, 'Chinese'),
(662, 2, 'hic6bo3', 1, 'Indian'),
(663, 2, 'hic6bo3', 2, 'Continental'),
(664, 2, 'hic6bo3', 3, 'Mexican'),
(665, 2, 'hic6bo3', 4, 'Thai'),
(666, 3, 'hic6bo3', 0, 'Lamborghini'),
(667, 3, 'hic6bo3', 1, 'porsche'),
(668, 3, 'hic6bo3', 2, 'Ferari'),
(669, 3, 'hic6bo3', 3, 'BMW'),
(670, 3, 'hic6bo3', 4, 'Mercedes'),
(671, 4, 'hic6bo3', 0, 'manali'),
(672, 4, 'hic6bo3', 1, 'Mount Abu'),
(673, 5, 'hic6bo3', 0, 'salsa'),
(674, 5, 'hic6bo3', 1, 'free'),
(675, 6, 'hic6bo3', 0, 'nike'),
(676, 6, 'hic6bo3', 1, 'reebok'),
(677, 7, 'hic6bo3', 0, 'cafe'),
(678, 7, 'hic6bo3', 1, 'garden'),
(679, 8, 'hic6bo3', 0, 'R15'),
(680, 8, 'hic6bo3', 1, 'Tiger'),
(681, 9, 'hic6bo3', 0, 'summer'),
(682, 9, 'hic6bo3', 1, 'monsoon'),
(683, 0, 'rh0n3qt', 0, 'shahrukh khan'),
(684, 0, 'rh0n3qt', 1, 'Salman Khan'),
(685, 0, 'rh0n3qt', 2, 'Hritik roshan'),
(686, 0, 'rh0n3qt', 3, 'Ranveer singh'),
(687, 1, 'rh0n3qt', 0, 'pizza'),
(688, 1, 'rh0n3qt', 1, 'burger'),
(689, 1, 'rh0n3qt', 2, 'Pav bhaji'),
(690, 1, 'rh0n3qt', 3, 'Hot Dog'),
(691, 1, 'rh0n3qt', 4, 'Manchuryan'),
(692, 2, 'rh0n3qt', 0, 'Chinese'),
(693, 2, 'rh0n3qt', 1, 'Indian'),
(694, 2, 'rh0n3qt', 2, 'Continental'),
(695, 2, 'rh0n3qt', 3, 'Mexican'),
(696, 2, 'rh0n3qt', 4, 'Thai'),
(697, 3, 'rh0n3qt', 0, 'Lamborghini'),
(698, 3, 'rh0n3qt', 1, 'porsche'),
(699, 3, 'rh0n3qt', 2, 'Ferari'),
(700, 3, 'rh0n3qt', 3, 'BMW'),
(701, 3, 'rh0n3qt', 4, 'Mercedes'),
(702, 4, 'rh0n3qt', 0, 'manali'),
(703, 4, 'rh0n3qt', 1, 'Mount Abu'),
(704, 5, 'rh0n3qt', 0, 'salsa'),
(705, 5, 'rh0n3qt', 1, 'free'),
(706, 6, 'rh0n3qt', 0, 'nike'),
(707, 6, 'rh0n3qt', 1, 'reebok'),
(708, 7, 'rh0n3qt', 0, 'cafe'),
(709, 7, 'rh0n3qt', 1, 'garden'),
(710, 8, 'rh0n3qt', 0, 'R15'),
(711, 8, 'rh0n3qt', 1, 'Tiger'),
(712, 9, 'rh0n3qt', 0, 'summer'),
(713, 9, 'rh0n3qt', 1, 'monsoon'),
(714, 0, 'j92utpx', 0, 'shahrukh khan'),
(715, 0, 'j92utpx', 1, 'Salman Khan'),
(716, 0, 'j92utpx', 2, 'Hritik roshan'),
(717, 0, 'j92utpx', 3, 'Ranveer singh'),
(718, 1, 'j92utpx', 0, 'pizza'),
(719, 1, 'j92utpx', 1, 'burger'),
(720, 1, 'j92utpx', 2, 'Pav bhaji'),
(721, 1, 'j92utpx', 3, 'Hot Dog'),
(722, 1, 'j92utpx', 4, 'Manchuryan'),
(723, 2, 'j92utpx', 0, 'Chinese'),
(724, 2, 'j92utpx', 1, 'Indian'),
(725, 2, 'j92utpx', 2, 'Continental'),
(726, 2, 'j92utpx', 3, 'Mexican'),
(727, 2, 'j92utpx', 4, 'Thai'),
(728, 3, 'j92utpx', 0, 'Lamborghini'),
(729, 3, 'j92utpx', 1, 'porsche'),
(730, 3, 'j92utpx', 2, 'Ferari'),
(731, 3, 'j92utpx', 3, 'BMW'),
(732, 3, 'j92utpx', 4, 'Mercedes'),
(733, 4, 'j92utpx', 0, 'manali'),
(734, 4, 'j92utpx', 1, 'Mount Abu'),
(735, 5, 'j92utpx', 0, 'salsa'),
(736, 5, 'j92utpx', 1, 'free'),
(737, 6, 'j92utpx', 0, 'nike'),
(738, 6, 'j92utpx', 1, 'reebok'),
(739, 7, 'j92utpx', 0, 'cafe'),
(740, 7, 'j92utpx', 1, 'garden'),
(741, 8, 'j92utpx', 0, 'R15'),
(742, 8, 'j92utpx', 1, 'Tiger'),
(743, 9, 'j92utpx', 0, 'summer'),
(744, 9, 'j92utpx', 1, 'monsoon'),
(745, 0, 'jlfuw30', 0, 'shahrukh khan'),
(746, 0, 'jlfuw30', 1, 'Salman Khan'),
(747, 0, 'jlfuw30', 2, 'Hritik roshan'),
(748, 0, 'jlfuw30', 3, 'Ranveer singh'),
(749, 1, 'jlfuw30', 0, 'pizza'),
(750, 1, 'jlfuw30', 1, 'burger'),
(751, 1, 'jlfuw30', 2, 'Pav bhaji'),
(752, 1, 'jlfuw30', 3, 'Hot Dog'),
(753, 1, 'jlfuw30', 4, 'Manchuryan'),
(754, 2, 'jlfuw30', 0, 'Chinese'),
(755, 2, 'jlfuw30', 1, 'Indian'),
(756, 2, 'jlfuw30', 2, 'Continental'),
(757, 2, 'jlfuw30', 3, 'Mexican'),
(758, 2, 'jlfuw30', 4, 'Thai'),
(759, 3, 'jlfuw30', 0, 'Lamborghini'),
(760, 3, 'jlfuw30', 1, 'porsche'),
(761, 3, 'jlfuw30', 2, 'Ferari'),
(762, 3, 'jlfuw30', 3, 'BMW'),
(763, 3, 'jlfuw30', 4, 'Mercedes'),
(764, 4, 'jlfuw30', 0, 'manali'),
(765, 4, 'jlfuw30', 1, 'Mount Abu'),
(766, 5, 'jlfuw30', 0, 'salsa'),
(767, 5, 'jlfuw30', 1, 'free'),
(768, 6, 'jlfuw30', 0, 'nike'),
(769, 6, 'jlfuw30', 1, 'reebok'),
(770, 7, 'jlfuw30', 0, 'cafe'),
(771, 7, 'jlfuw30', 1, 'garden'),
(772, 8, 'jlfuw30', 0, 'R15'),
(773, 8, 'jlfuw30', 1, 'Tiger'),
(774, 9, 'jlfuw30', 0, 'summer'),
(775, 9, 'jlfuw30', 1, 'monsoon'),
(776, 0, 'of8lduk', 0, 'car'),
(777, 0, 'of8lduk', 1, 'Bike'),
(778, 1, 'of8lduk', 0, 'yes'),
(779, 1, 'of8lduk', 1, 'no'),
(780, 2, 'of8lduk', 0, 'beer'),
(781, 2, 'of8lduk', 1, 'Vodka'),
(782, 3, 'of8lduk', 0, 'Lamborghini'),
(783, 3, 'of8lduk', 1, 'porsche'),
(784, 3, 'of8lduk', 2, 'Ferari'),
(785, 3, 'of8lduk', 3, 'BMW'),
(786, 3, 'of8lduk', 4, 'Mercedes'),
(787, 4, 'of8lduk', 0, 'manali'),
(788, 4, 'of8lduk', 1, 'Mount Abu'),
(789, 5, 'of8lduk', 0, 'salsa'),
(790, 5, 'of8lduk', 1, 'free'),
(791, 6, 'of8lduk', 0, 'nike'),
(792, 6, 'of8lduk', 1, 'reebok'),
(793, 7, 'of8lduk', 0, 'cafe'),
(794, 7, 'of8lduk', 1, 'garden'),
(795, 8, 'of8lduk', 0, 'R15'),
(796, 8, 'of8lduk', 1, 'Tiger'),
(797, 9, 'of8lduk', 0, 'summer'),
(798, 9, 'of8lduk', 1, 'monsoon'),
(799, 0, 'tdurz46', 0, 'shahrukh khan'),
(800, 0, 'tdurz46', 1, 'Salman Khan'),
(801, 0, 'tdurz46', 2, 'Hritik roshan'),
(802, 0, 'tdurz46', 3, 'Ranveer singh'),
(803, 1, 'tdurz46', 0, 'pizza'),
(804, 1, 'tdurz46', 1, 'burger'),
(805, 1, 'tdurz46', 2, 'Pav bhaji'),
(806, 1, 'tdurz46', 3, 'Hot Dog'),
(807, 1, 'tdurz46', 4, 'Manchuryan'),
(808, 2, 'tdurz46', 0, 'Chinese'),
(809, 2, 'tdurz46', 1, 'Indian'),
(810, 2, 'tdurz46', 2, 'Continental'),
(811, 2, 'tdurz46', 3, 'Mexican'),
(812, 2, 'tdurz46', 4, 'Thai'),
(813, 3, 'tdurz46', 0, 'Lamborghini'),
(814, 3, 'tdurz46', 1, 'porsche'),
(815, 3, 'tdurz46', 2, 'Ferari'),
(816, 3, 'tdurz46', 3, 'BMW'),
(817, 3, 'tdurz46', 4, 'Mercedes'),
(818, 4, 'tdurz46', 0, 'manali'),
(819, 4, 'tdurz46', 1, 'Mount Abu'),
(820, 5, 'tdurz46', 0, 'salsa'),
(821, 5, 'tdurz46', 1, 'free'),
(822, 6, 'tdurz46', 0, 'nike'),
(823, 6, 'tdurz46', 1, 'reebok'),
(824, 7, 'tdurz46', 0, 'cafe'),
(825, 7, 'tdurz46', 1, 'garden'),
(826, 8, 'tdurz46', 0, 'R15'),
(827, 8, 'tdurz46', 1, 'Tiger'),
(828, 9, 'tdurz46', 0, 'summer'),
(829, 9, 'tdurz46', 1, 'monsoon'),
(830, 0, 'fcknige', 0, 'shahrukh khan'),
(831, 0, 'fcknige', 1, 'Salman Khan'),
(832, 0, 'fcknige', 2, 'Hritik roshan'),
(833, 0, 'fcknige', 3, 'Ranveer singh'),
(834, 1, 'fcknige', 0, 'pizza'),
(835, 1, 'fcknige', 1, 'burger'),
(836, 1, 'fcknige', 2, 'Pav bhaji'),
(837, 1, 'fcknige', 3, 'Hot Dog'),
(838, 1, 'fcknige', 4, 'Manchuryan'),
(839, 2, 'fcknige', 0, 'Chinese'),
(840, 2, 'fcknige', 1, 'Indian'),
(841, 2, 'fcknige', 2, 'Continental'),
(842, 2, 'fcknige', 3, 'Mexican'),
(843, 2, 'fcknige', 4, 'Thai'),
(844, 3, 'fcknige', 0, 'Lamborghini'),
(845, 3, 'fcknige', 1, 'porsche'),
(846, 3, 'fcknige', 2, 'Ferari'),
(847, 3, 'fcknige', 3, 'BMW'),
(848, 3, 'fcknige', 4, 'Mercedes'),
(849, 4, 'fcknige', 0, 'manali'),
(850, 4, 'fcknige', 1, 'Mount Abu'),
(851, 5, 'fcknige', 0, 'salsa'),
(852, 5, 'fcknige', 1, 'free'),
(853, 6, 'fcknige', 0, 'nike'),
(854, 6, 'fcknige', 1, 'reebok'),
(855, 7, 'fcknige', 0, 'cafe'),
(856, 7, 'fcknige', 1, 'garden'),
(857, 8, 'fcknige', 0, 'R15'),
(858, 8, 'fcknige', 1, 'Tiger'),
(859, 9, 'fcknige', 0, 'summer'),
(860, 9, 'fcknige', 1, 'monsoon'),
(861, 0, '16emskh', 0, 'shahrukh khan'),
(862, 0, '16emskh', 1, 'Salman Khan'),
(863, 0, '16emskh', 2, 'Hritik roshan'),
(864, 0, '16emskh', 3, 'Ranveer singh'),
(865, 1, '16emskh', 0, 'pizza'),
(866, 1, '16emskh', 1, 'burger'),
(867, 1, '16emskh', 2, 'Pav bhaji'),
(868, 1, '16emskh', 3, 'Hot Dog'),
(869, 1, '16emskh', 4, 'Manchuryan'),
(870, 2, '16emskh', 0, 'Chinese'),
(871, 2, '16emskh', 1, 'Indian'),
(872, 2, '16emskh', 2, 'Continental'),
(873, 2, '16emskh', 3, 'Mexican'),
(874, 2, '16emskh', 4, 'Thai'),
(875, 3, '16emskh', 0, 'Lamborghini'),
(876, 3, '16emskh', 1, 'porsche'),
(877, 3, '16emskh', 2, 'Ferari'),
(878, 3, '16emskh', 3, 'BMW'),
(879, 3, '16emskh', 4, 'Mercedes'),
(880, 4, '16emskh', 0, 'manali'),
(881, 4, '16emskh', 1, 'Mount Abu'),
(882, 5, '16emskh', 0, 'salsa'),
(883, 5, '16emskh', 1, 'free'),
(884, 6, '16emskh', 0, 'nike'),
(885, 6, '16emskh', 1, 'reebok'),
(886, 7, '16emskh', 0, 'cafe'),
(887, 7, '16emskh', 1, 'garden'),
(888, 8, '16emskh', 0, 'R15'),
(889, 8, '16emskh', 1, 'Tiger'),
(890, 9, '16emskh', 0, 'summer'),
(891, 9, '16emskh', 1, 'monsoon'),
(892, 0, 'xsufkr6', 0, 'shahrukh khan'),
(893, 0, 'xsufkr6', 1, 'Salman Khan'),
(894, 0, 'xsufkr6', 2, 'Hritik roshan'),
(895, 0, 'xsufkr6', 3, 'Ranveer singh'),
(896, 1, 'xsufkr6', 0, 'pizza'),
(897, 1, 'xsufkr6', 1, 'burger'),
(898, 1, 'xsufkr6', 2, 'Pav bhaji'),
(899, 1, 'xsufkr6', 3, 'Hot Dog'),
(900, 1, 'xsufkr6', 4, 'Manchuryan'),
(901, 2, 'xsufkr6', 0, 'Chinese'),
(902, 2, 'xsufkr6', 1, 'Indian'),
(903, 2, 'xsufkr6', 2, 'Continental'),
(904, 2, 'xsufkr6', 3, 'Mexican'),
(905, 2, 'xsufkr6', 4, 'Thai'),
(906, 3, 'xsufkr6', 0, 'Lamborghini'),
(907, 3, 'xsufkr6', 1, 'porsche'),
(908, 3, 'xsufkr6', 2, 'Ferari'),
(909, 3, 'xsufkr6', 3, 'BMW'),
(910, 3, 'xsufkr6', 4, 'Mercedes'),
(911, 4, 'xsufkr6', 0, 'manali'),
(912, 4, 'xsufkr6', 1, 'Mount Abu'),
(913, 5, 'xsufkr6', 0, 'salsa'),
(914, 5, 'xsufkr6', 1, 'free'),
(915, 6, 'xsufkr6', 0, 'nike'),
(916, 6, 'xsufkr6', 1, 'reebok'),
(917, 7, 'xsufkr6', 0, 'cafe'),
(918, 7, 'xsufkr6', 1, 'garden'),
(919, 8, 'xsufkr6', 0, 'R15'),
(920, 8, 'xsufkr6', 1, 'Tiger'),
(921, 9, 'xsufkr6', 0, 'summer'),
(922, 9, 'xsufkr6', 1, 'monsoon'),
(923, 0, 'lkv980t', 0, 'shahrukh khan'),
(924, 0, 'lkv980t', 1, 'Salman Khan'),
(925, 0, 'lkv980t', 2, 'Hritik roshan'),
(926, 0, 'lkv980t', 3, 'Ranveer singh'),
(927, 1, 'lkv980t', 0, 'pizza'),
(928, 1, 'lkv980t', 1, 'burger'),
(929, 1, 'lkv980t', 2, 'Pav bhaji'),
(930, 1, 'lkv980t', 3, 'Hot Dog'),
(931, 1, 'lkv980t', 4, 'Manchuryan'),
(932, 2, 'lkv980t', 0, 'Chinese'),
(933, 2, 'lkv980t', 1, 'Indian'),
(934, 2, 'lkv980t', 2, 'Continental'),
(935, 2, 'lkv980t', 3, 'Mexican'),
(936, 2, 'lkv980t', 4, 'Thai'),
(937, 3, 'lkv980t', 0, 'Lamborghini'),
(938, 3, 'lkv980t', 1, 'porsche'),
(939, 3, 'lkv980t', 2, 'Ferari'),
(940, 3, 'lkv980t', 3, 'BMW'),
(941, 3, 'lkv980t', 4, 'Mercedes'),
(942, 4, 'lkv980t', 0, 'manali'),
(943, 4, 'lkv980t', 1, 'Mount Abu'),
(944, 5, 'lkv980t', 0, 'salsa'),
(945, 5, 'lkv980t', 1, 'free'),
(946, 6, 'lkv980t', 0, 'nike'),
(947, 6, 'lkv980t', 1, 'reebok'),
(948, 7, 'lkv980t', 0, 'cafe'),
(949, 7, 'lkv980t', 1, 'garden'),
(950, 8, 'lkv980t', 0, 'R15'),
(951, 8, 'lkv980t', 1, 'Tiger'),
(952, 9, 'lkv980t', 0, 'summer'),
(953, 9, 'lkv980t', 1, 'monsoon'),
(954, 0, 'awx130s', 0, 'shahrukh khan'),
(955, 0, 'awx130s', 1, 'Salman Khan'),
(956, 0, 'awx130s', 2, 'Hritik roshan'),
(957, 0, 'awx130s', 3, 'Ranveer singh'),
(958, 1, 'awx130s', 0, 'pizza'),
(959, 1, 'awx130s', 1, 'burger'),
(960, 1, 'awx130s', 2, 'Pav bhaji'),
(961, 1, 'awx130s', 3, 'Hot Dog'),
(962, 1, 'awx130s', 4, 'Manchuryan'),
(963, 2, 'awx130s', 0, 'Chinese'),
(964, 2, 'awx130s', 1, 'Indian'),
(965, 2, 'awx130s', 2, 'Continental'),
(966, 2, 'awx130s', 3, 'Mexican'),
(967, 2, 'awx130s', 4, 'Thai'),
(968, 3, 'awx130s', 0, 'Lamborghini'),
(969, 3, 'awx130s', 1, 'porsche'),
(970, 3, 'awx130s', 2, 'Ferari'),
(971, 3, 'awx130s', 3, 'BMW'),
(972, 3, 'awx130s', 4, 'Mercedes'),
(973, 4, 'awx130s', 0, 'manali'),
(974, 4, 'awx130s', 1, 'Mount Abu'),
(975, 5, 'awx130s', 0, 'salsa'),
(976, 5, 'awx130s', 1, 'free'),
(977, 6, 'awx130s', 0, 'nike'),
(978, 6, 'awx130s', 1, 'reebok'),
(979, 7, 'awx130s', 0, 'cafe'),
(980, 7, 'awx130s', 1, 'garden'),
(981, 8, 'awx130s', 0, 'R15'),
(982, 8, 'awx130s', 1, 'Tiger'),
(983, 9, 'awx130s', 0, 'summer'),
(984, 9, 'awx130s', 1, 'monsoon'),
(985, 0, 'lapgu0e', 0, 'shahrukh khan'),
(986, 0, 'lapgu0e', 1, 'Salman Khan'),
(987, 0, 'lapgu0e', 2, 'Hritik roshan'),
(988, 0, 'lapgu0e', 3, 'Ranveer singh'),
(989, 1, 'lapgu0e', 0, 'pizza'),
(990, 1, 'lapgu0e', 1, 'burger'),
(991, 1, 'lapgu0e', 2, 'Pav bhaji'),
(992, 1, 'lapgu0e', 3, 'Hot Dog'),
(993, 1, 'lapgu0e', 4, 'Manchuryan'),
(994, 2, 'lapgu0e', 0, 'Chinese'),
(995, 2, 'lapgu0e', 1, 'Indian'),
(996, 2, 'lapgu0e', 2, 'Continental'),
(997, 2, 'lapgu0e', 3, 'Mexican'),
(998, 2, 'lapgu0e', 4, 'Thai'),
(999, 3, 'lapgu0e', 0, 'Lamborghini'),
(1000, 3, 'lapgu0e', 1, 'porsche'),
(1001, 3, 'lapgu0e', 2, 'Ferari'),
(1002, 3, 'lapgu0e', 3, 'BMW'),
(1003, 3, 'lapgu0e', 4, 'Mercedes'),
(1004, 4, 'lapgu0e', 0, 'manali'),
(1005, 4, 'lapgu0e', 1, 'Mount Abu'),
(1006, 5, 'lapgu0e', 0, 'salsa'),
(1007, 5, 'lapgu0e', 1, 'free'),
(1008, 6, 'lapgu0e', 0, 'nike'),
(1009, 6, 'lapgu0e', 1, 'reebok'),
(1010, 7, 'lapgu0e', 0, 'cafe'),
(1011, 7, 'lapgu0e', 1, 'garden'),
(1012, 8, 'lapgu0e', 0, 'R15'),
(1013, 8, 'lapgu0e', 1, 'Tiger'),
(1014, 9, 'lapgu0e', 0, 'summer'),
(1015, 9, 'lapgu0e', 1, 'monsoon'),
(1016, 0, 'kll4x10', 0, 'shahrukh khan'),
(1017, 0, 'kll4x10', 1, 'Salman Khan'),
(1018, 0, 'kll4x10', 2, 'Hritik roshan'),
(1019, 0, 'kll4x10', 3, 'Ranveer singh'),
(1020, 1, 'kll4x10', 0, 'pizza'),
(1021, 1, 'kll4x10', 1, 'burger'),
(1022, 1, 'kll4x10', 2, 'Pav bhaji'),
(1023, 1, 'kll4x10', 3, 'Hot Dog'),
(1024, 1, 'kll4x10', 4, 'Manchuryan'),
(1025, 2, 'kll4x10', 0, 'Chinese'),
(1026, 2, 'kll4x10', 1, 'Indian'),
(1027, 2, 'kll4x10', 2, 'Continental'),
(1028, 2, 'kll4x10', 3, 'Mexican'),
(1029, 2, 'kll4x10', 4, 'Thai'),
(1030, 3, 'kll4x10', 0, 'Lamborghini'),
(1031, 3, 'kll4x10', 1, 'porsche'),
(1032, 3, 'kll4x10', 2, 'Ferari'),
(1033, 3, 'kll4x10', 3, 'BMW'),
(1034, 3, 'kll4x10', 4, 'Mercedes'),
(1035, 4, 'kll4x10', 0, 'manali'),
(1036, 4, 'kll4x10', 1, 'Mount Abu'),
(1037, 5, 'kll4x10', 0, 'salsa'),
(1038, 5, 'kll4x10', 1, 'free'),
(1039, 6, 'kll4x10', 0, 'nike'),
(1040, 6, 'kll4x10', 1, 'reebok'),
(1041, 7, 'kll4x10', 0, 'cafe'),
(1042, 7, 'kll4x10', 1, 'garden'),
(1043, 8, 'kll4x10', 0, 'R15'),
(1044, 8, 'kll4x10', 1, 'Tiger'),
(1045, 9, 'kll4x10', 0, 'summer'),
(1046, 9, 'kll4x10', 1, 'monsoon'),
(1047, 0, 'fmfzo3o', 0, 'shahrukh khan'),
(1048, 0, 'fmfzo3o', 1, 'Salman Khan'),
(1049, 0, 'fmfzo3o', 2, 'Hritik roshan'),
(1050, 0, 'fmfzo3o', 3, 'Ranveer singh'),
(1051, 1, 'fmfzo3o', 0, 'pizza'),
(1052, 1, 'fmfzo3o', 1, 'burger'),
(1053, 1, 'fmfzo3o', 2, 'Pav bhaji'),
(1054, 1, 'fmfzo3o', 3, 'Hot Dog'),
(1055, 1, 'fmfzo3o', 4, 'Manchuryan'),
(1056, 2, 'fmfzo3o', 0, 'Chinese'),
(1057, 2, 'fmfzo3o', 1, 'Indian'),
(1058, 2, 'fmfzo3o', 2, 'Continental'),
(1059, 2, 'fmfzo3o', 3, 'Mexican'),
(1060, 2, 'fmfzo3o', 4, 'Thai'),
(1061, 3, 'fmfzo3o', 0, 'Lamborghini'),
(1062, 3, 'fmfzo3o', 1, 'porsche'),
(1063, 3, 'fmfzo3o', 2, 'Ferari'),
(1064, 3, 'fmfzo3o', 3, 'BMW'),
(1065, 3, 'fmfzo3o', 4, 'Mercedes'),
(1066, 4, 'fmfzo3o', 0, 'manali'),
(1067, 4, 'fmfzo3o', 1, 'Mount Abu'),
(1068, 5, 'fmfzo3o', 0, 'salsa'),
(1069, 5, 'fmfzo3o', 1, 'free'),
(1070, 6, 'fmfzo3o', 0, 'nike'),
(1071, 6, 'fmfzo3o', 1, 'reebok'),
(1072, 7, 'fmfzo3o', 0, 'cafe'),
(1073, 7, 'fmfzo3o', 1, 'garden'),
(1074, 8, 'fmfzo3o', 0, 'R15'),
(1075, 8, 'fmfzo3o', 1, 'Tiger'),
(1076, 9, 'fmfzo3o', 0, 'summer'),
(1077, 9, 'fmfzo3o', 1, 'monsoon'),
(1078, 0, 'jzsx1wm', 0, 'shahrukh khan'),
(1079, 0, 'jzsx1wm', 1, 'Salman Khan'),
(1080, 0, 'jzsx1wm', 2, 'Hritik roshan'),
(1081, 0, 'jzsx1wm', 3, 'Ranveer singh'),
(1082, 1, 'jzsx1wm', 0, 'pizza'),
(1083, 1, 'jzsx1wm', 1, 'burger'),
(1084, 1, 'jzsx1wm', 2, 'Pav bhaji'),
(1085, 1, 'jzsx1wm', 3, 'Hot Dog'),
(1086, 1, 'jzsx1wm', 4, 'Manchuryan'),
(1087, 2, 'jzsx1wm', 0, 'Chinese'),
(1088, 2, 'jzsx1wm', 1, 'Indian'),
(1089, 2, 'jzsx1wm', 2, 'Continental'),
(1090, 2, 'jzsx1wm', 3, 'Mexican'),
(1091, 2, 'jzsx1wm', 4, 'Thai'),
(1092, 3, 'jzsx1wm', 0, 'Lamborghini'),
(1093, 3, 'jzsx1wm', 1, 'porsche'),
(1094, 3, 'jzsx1wm', 2, 'Ferari'),
(1095, 3, 'jzsx1wm', 3, 'BMW'),
(1096, 3, 'jzsx1wm', 4, 'Mercedes'),
(1097, 4, 'jzsx1wm', 0, 'manali'),
(1098, 4, 'jzsx1wm', 1, 'Mount Abu'),
(1099, 5, 'jzsx1wm', 0, 'salsa'),
(1100, 5, 'jzsx1wm', 1, 'free'),
(1101, 6, 'jzsx1wm', 0, 'nike'),
(1102, 6, 'jzsx1wm', 1, 'reebok'),
(1103, 7, 'jzsx1wm', 0, 'cafe'),
(1104, 7, 'jzsx1wm', 1, 'garden'),
(1105, 8, 'jzsx1wm', 0, 'R15'),
(1106, 8, 'jzsx1wm', 1, 'Tiger'),
(1107, 9, 'jzsx1wm', 0, 'summer'),
(1108, 9, 'jzsx1wm', 1, 'monsoon'),
(1109, 0, 'dnd076f', 0, 'shahrukh khan'),
(1110, 0, 'dnd076f', 1, 'Salman Khan'),
(1111, 0, 'dnd076f', 2, 'Hritik roshan'),
(1112, 0, 'dnd076f', 3, 'Ranveer singh'),
(1113, 1, 'dnd076f', 0, 'pizza'),
(1114, 1, 'dnd076f', 1, 'burger'),
(1115, 1, 'dnd076f', 2, 'Pav bhaji'),
(1116, 1, 'dnd076f', 3, 'Hot Dog'),
(1117, 1, 'dnd076f', 4, 'Manchuryan'),
(1118, 2, 'dnd076f', 0, 'Chinese'),
(1119, 2, 'dnd076f', 1, 'Indian'),
(1120, 2, 'dnd076f', 2, 'Continental'),
(1121, 2, 'dnd076f', 3, 'Mexican'),
(1122, 2, 'dnd076f', 4, 'Thai'),
(1123, 3, 'dnd076f', 0, 'Lamborghini'),
(1124, 3, 'dnd076f', 1, 'porsche'),
(1125, 3, 'dnd076f', 2, 'Ferari'),
(1126, 3, 'dnd076f', 3, 'BMW'),
(1127, 3, 'dnd076f', 4, 'Mercedes'),
(1128, 4, 'dnd076f', 0, 'manali'),
(1129, 4, 'dnd076f', 1, 'Mount Abu'),
(1130, 5, 'dnd076f', 0, 'salsa'),
(1131, 5, 'dnd076f', 1, 'free'),
(1132, 6, 'dnd076f', 0, 'nike'),
(1133, 6, 'dnd076f', 1, 'reebok'),
(1134, 7, 'dnd076f', 0, 'cafe'),
(1135, 7, 'dnd076f', 1, 'garden'),
(1136, 8, 'dnd076f', 0, 'R15'),
(1137, 8, 'dnd076f', 1, 'Tiger'),
(1138, 9, 'dnd076f', 0, 'summer'),
(1139, 9, 'dnd076f', 1, 'monsoon');

-- --------------------------------------------------------

--
-- Table structure for table `usersq`
--

DROP TABLE IF EXISTS `usersq`;
CREATE TABLE IF NOT EXISTS `usersq` (
  `id` int(255) NOT NULL AUTO_INCREMENT,
  `Uid` varchar(15) NOT NULL,
  `Qid` int(11) NOT NULL,
  `Question` text NOT NULL,
  `color` varchar(15) NOT NULL DEFAULT '#0000ff',
  PRIMARY KEY (`id`)
) ENGINE=MyISAM AUTO_INCREMENT=373 DEFAULT CHARSET=latin1;

--
-- Dumping data for table `usersq`
--

INSERT INTO `usersq` (`id`, `Uid`, `Qid`, `Question`, `color`) VALUES
(1, 'ps30gbl', 0, 'Whos your favourite actor?', '#0000ff'),
(2, 'ps30gbl', 1, 'What\'s your favorite dish', '#0000ff'),
(3, 'ps30gbl', 2, 'What\'s your favorite food', '#0000ff'),
(4, 'ps30gbl', 3, 'What\'s your favorite car', '#0000ff'),
(5, 'ps30gbl', 4, 'What\'s your favorite place', '#0000ff'),
(6, 'ps30gbl', 5, 'What\'s your favorite dance', '#0000ff'),
(7, 'ps30gbl', 6, 'What\'s your favorite shoes', '#0000ff'),
(8, 'ps30gbl', 7, 'What\'s your favorite hangout spot', '#0000ff'),
(9, 'ps30gbl', 8, 'What\'s your favorite bike', '#0000ff'),
(10, 'ps30gbl', 9, 'What\'s your favorite season', '#0000ff'),
(11, '47b56tx', 0, 'Whos your favourite actor?', '#0000ff'),
(12, '47b56tx', 1, 'What\'s your favorite dish', '#0000ff'),
(13, '47b56tx', 2, 'What\'s your favorite food', '#0000ff'),
(14, '47b56tx', 3, 'What\'s your favorite car', '#0000ff'),
(15, '47b56tx', 4, 'What\'s your favorite place', '#0000ff'),
(16, '47b56tx', 5, 'What\'s your favorite dance', '#0000ff'),
(17, '47b56tx', 6, 'What\'s your favorite shoes', '#0000ff'),
(18, '47b56tx', 7, 'What\'s your favorite hangout spot', '#0000ff'),
(19, '47b56tx', 8, 'What\'s your favorite bike', '#0000ff'),
(20, '47b56tx', 9, 'What\'s your favorite season', '#0000ff'),
(21, 'sfonawy', 0, 'Whos your favourite actor?', ''),
(22, 'sfonawy', 1, 'What\'s your favorite dish', ''),
(23, 'sfonawy', 2, 'What\'s your favorite food', ''),
(24, 'sfonawy', 3, 'What\'s your favorite car', ''),
(25, 'sfonawy', 4, 'What\'s your favorite place', ''),
(26, 'sfonawy', 5, 'What\'s your favorite dance', ''),
(27, 'sfonawy', 6, 'What\'s your favorite shoes', ''),
(28, 'sfonawy', 7, 'What\'s your favorite hangout spot', ''),
(29, 'sfonawy', 8, 'What\'s your favorite bike', ''),
(30, 'sfonawy', 9, 'What\'s your favorite season', ''),
(31, 'p9vbjyb', 0, 'Whos your favourite actor?', '#1D2951'),
(32, 'p9vbjyb', 1, 'What\'s your favorite dish', '#4F97A3'),
(33, 'p9vbjyb', 2, 'What\'s your favorite food', '#FA8072'),
(34, 'p9vbjyb', 3, 'What\'s your favorite car', '#D21F3C'),
(35, 'p9vbjyb', 4, 'What\'s your favorite place', '#EFFD5F'),
(36, 'p9vbjyb', 5, 'What\'s your favorite dance', '#FDA50F'),
(37, 'p9vbjyb', 6, 'What\'s your favorite shoes', '#0B6623'),
(38, 'p9vbjyb', 7, 'What\'s your favorite hangout spot', '#50C878'),
(39, 'p9vbjyb', 8, 'What\'s your favorite bike', '#1D2951'),
(40, 'p9vbjyb', 9, 'What\'s your favorite season', '#4F97A3'),
(41, 'd0wy3fy', 0, 'Whos your favourite actor?', '#1D2951'),
(42, 'd0wy3fy', 1, 'What\'s your favorite dish', '#4F97A3'),
(43, 'd0wy3fy', 2, 'What\'s your favorite food', '#FA8072'),
(44, 'd0wy3fy', 3, 'What\'s your favorite car', '#D21F3C'),
(45, 'd0wy3fy', 4, 'What\'s your favorite place', '#EFFD5F'),
(46, 'd0wy3fy', 5, 'What\'s your favorite dance', '#FDA50F'),
(47, 'd0wy3fy', 6, 'What\'s your favorite shoes', '#0B6623'),
(48, 'd0wy3fy', 7, 'What\'s your favorite hangout spot', '#50C878'),
(49, 'd0wy3fy', 8, 'What\'s your favorite bike', '#1D2951'),
(50, 'd0wy3fy', 9, 'What\'s your favorite season', '#4F97A3'),
(51, 'ifh6i4p', 0, 'Whos your favourite actor?', '#1D2951'),
(52, 'ifh6i4p', 1, 'What\'s your favorite dish', '#4F97A3'),
(53, 'ifh6i4p', 2, 'What\'s your favorite food', '#FA8072'),
(54, 'ifh6i4p', 3, 'What\'s your favorite car', '#D21F3C'),
(55, 'ifh6i4p', 4, 'What\'s your favorite place', '#EFFD5F'),
(56, 'ifh6i4p', 5, 'What\'s your favorite dance', '#FDA50F'),
(57, 'ifh6i4p', 6, 'What\'s your favorite shoes', '#0B6623'),
(58, 'ifh6i4p', 7, 'What\'s your favorite hangout spot', '#50C878'),
(59, 'ifh6i4p', 8, 'What\'s your favorite bike', '#1D2951'),
(60, 'ifh6i4p', 9, 'What\'s your favorite season', '#4F97A3'),
(61, 'ifh6i4p', 0, 'Whos your favourite actor?', '#1D2951'),
(62, 'ifh6i4p', 1, 'What\'s your favorite dish', '#4F97A3'),
(63, 'ifh6i4p', 2, 'What\'s your favorite food', '#FA8072'),
(64, 'ifh6i4p', 3, 'What\'s your favorite car', '#D21F3C'),
(65, 'ifh6i4p', 4, 'What\'s your favorite place', '#EFFD5F'),
(66, 'ifh6i4p', 5, 'What\'s your favorite dance', '#FDA50F'),
(67, 'ifh6i4p', 6, 'What\'s your favorite shoes', '#0B6623'),
(68, 'ifh6i4p', 7, 'What\'s your favorite hangout spot', '#50C878'),
(69, 'ifh6i4p', 8, 'What\'s your favorite bike', '#1D2951'),
(70, 'ifh6i4p', 9, 'What\'s your favorite season', '#4F97A3'),
(71, '5xqqex5', 0, 'Whos your favourite actor?', '#1D2951'),
(72, '5xqqex5', 1, 'What\'s your favorite dish', '#4F97A3'),
(73, '5xqqex5', 2, 'What\'s your favorite food', '#FA8072'),
(74, '5xqqex5', 3, 'What\'s your favorite car', '#D21F3C'),
(75, '5xqqex5', 4, 'What\'s your favorite place', '#EFFD5F'),
(76, '5xqqex5', 5, 'What\'s your favorite dance', '#FDA50F'),
(77, '5xqqex5', 6, 'What\'s your favorite shoes', '#0B6623'),
(78, '5xqqex5', 7, 'What\'s your favorite hangout spot', '#50C878'),
(79, '5xqqex5', 8, 'What\'s your favorite bike', '#1D2951'),
(80, '5xqqex5', 9, 'What\'s your favorite season', '#4F97A3'),
(81, '2gqs43l', 0, 'Whos your favourite actor?', '#1D2951'),
(82, '2gqs43l', 1, 'What\'s your favorite dish', '#4F97A3'),
(83, '2gqs43l', 2, 'What\'s your favorite food', '#FA8072'),
(84, '2gqs43l', 3, 'What\'s your favorite car', '#D21F3C'),
(85, '2gqs43l', 4, 'What\'s your favorite place', '#EFFD5F'),
(86, '2gqs43l', 5, 'What\'s your favorite dance', '#FDA50F'),
(87, '2gqs43l', 6, 'What\'s your favorite shoes', '#0B6623'),
(88, '2gqs43l', 7, 'What\'s your favorite hangout spot', '#50C878'),
(89, '2gqs43l', 8, 'What\'s your favorite bike', '#1D2951'),
(90, '2gqs43l', 9, 'What\'s your favorite season', '#4F97A3'),
(91, 'phgkiv1', 0, 'Whos your favourite actor?', '#1D2951'),
(92, 'phgkiv1', 1, 'What\'s your favorite dish', '#4F97A3'),
(93, 'phgkiv1', 2, 'What\'s your favorite food', '#FA8072'),
(94, 'phgkiv1', 3, 'What\'s your favorite car', '#D21F3C'),
(95, 'phgkiv1', 4, 'What\'s your favorite place', '#EFFD5F'),
(96, 'phgkiv1', 5, 'What\'s your favorite dance', '#FDA50F'),
(97, 'phgkiv1', 6, 'What\'s your favorite shoes', '#0B6623'),
(98, 'phgkiv1', 7, 'What\'s your favorite hangout spot', '#50C878'),
(99, 'phgkiv1', 8, 'What\'s your favorite bike', '#1D2951'),
(100, 'phgkiv1', 9, 'What\'s your favorite season', '#4F97A3'),
(101, 'd8otzb7', 0, 'Whos your favourite actor?', '#1D2951'),
(102, 'd8otzb7', 1, 'What\'s your favorite dish', '#4F97A3'),
(103, 'd8otzb7', 2, 'What\'s your favorite food', '#FA8072'),
(104, 'd8otzb7', 3, 'What\'s your favorite car', '#D21F3C'),
(105, 'd8otzb7', 4, 'What\'s your favorite place', '#EFFD5F'),
(106, 'd8otzb7', 5, 'What\'s your favorite dance', '#FDA50F'),
(107, 'd8otzb7', 6, 'What\'s your favorite shoes', '#0B6623'),
(108, 'd8otzb7', 7, 'What\'s your favorite hangout spot', '#50C878'),
(109, 'd8otzb7', 8, 'What\'s your favorite bike', '#1D2951'),
(110, 'd8otzb7', 9, 'What\'s your favorite season', '#4F97A3'),
(111, 'd8otzb7', 9, 'What\'s your favorite season', '#4F97A3'),
(112, 'cccwnvo', 0, 'Whos your favourite actor?', '#1D2951'),
(113, 'cccwnvo', 1, 'What\'s your favorite dish', '#4F97A3'),
(114, 'cccwnvo', 2, 'What\'s your favorite food', '#FA8072'),
(115, 'cccwnvo', 3, 'What\'s your favorite car', '#D21F3C'),
(116, 'cccwnvo', 4, 'What\'s your favorite place', '#EFFD5F'),
(117, 'cccwnvo', 5, 'What\'s your favorite dance', '#FDA50F'),
(118, 'cccwnvo', 6, 'What\'s your favorite shoes', '#0B6623'),
(119, 'cccwnvo', 7, 'What\'s your favorite hangout spot', '#50C878'),
(120, 'cccwnvo', 8, 'What\'s your favorite bike', '#1D2951'),
(121, 'cccwnvo', 9, 'What\'s your favorite season', '#4F97A3'),
(122, '29op9eg', 0, 'Whos your favourite actor?', '#1D2951'),
(123, '29op9eg', 1, 'What\'s your favorite dish', '#4F97A3'),
(124, '29op9eg', 2, 'What\'s your favorite food', '#FA8072'),
(125, '29op9eg', 3, 'What\'s your favorite car', '#D21F3C'),
(126, '29op9eg', 4, 'What\'s your favorite place', '#EFFD5F'),
(127, '29op9eg', 5, 'What\'s your favorite dance', '#FDA50F'),
(128, '29op9eg', 6, 'What\'s your favorite shoes', '#0B6623'),
(129, '29op9eg', 7, 'What\'s your favorite hangout spot', '#50C878'),
(130, '29op9eg', 8, 'What\'s your favorite bike', '#1D2951'),
(131, '29op9eg', 9, 'What\'s your favorite season', '#4F97A3'),
(132, 'mj6revd', 0, 'Whos your favourite actor?', '#1D2951'),
(133, 'mj6revd', 1, 'What\'s your favorite dish', '#4F97A3'),
(134, 'mj6revd', 2, 'What\'s your favorite food', '#FA8072'),
(135, 'mj6revd', 3, 'What\'s your favorite car', '#D21F3C'),
(136, 'mj6revd', 4, 'What\'s your favorite place', '#EFFD5F'),
(137, 'mj6revd', 5, 'What\'s your favorite dance', '#FDA50F'),
(138, 'mj6revd', 6, 'What\'s your favorite shoes', '#0B6623'),
(139, 'mj6revd', 7, 'What\'s your favorite hangout spot', '#50C878'),
(140, 'mj6revd', 8, 'What\'s your favorite bike', '#1D2951'),
(141, 'mj6revd', 9, 'What\'s your favorite season', '#4F97A3'),
(142, 'x9dsux5', 0, 'Whos your favourite actor?', '#1D2951'),
(143, 'x9dsux5', 1, 'What\'s your favorite dish', '#4F97A3'),
(144, 'x9dsux5', 2, 'What\'s your favorite food', '#FA8072'),
(145, 'x9dsux5', 3, 'What\'s your favorite car', '#D21F3C'),
(146, 'x9dsux5', 4, 'What\'s your favorite place', '#EFFD5F'),
(147, 'x9dsux5', 5, 'What\'s your favorite dance', '#FDA50F'),
(148, 'x9dsux5', 6, 'What\'s your favorite shoes', '#0B6623'),
(149, 'x9dsux5', 7, 'What\'s your favorite hangout spot', '#50C878'),
(150, 'x9dsux5', 8, 'What\'s your favorite bike', '#1D2951'),
(151, 'x9dsux5', 9, 'What\'s your favorite season', '#4F97A3'),
(152, '7q27j5z', 0, 'Whos your favourite actor?', '#1D2951'),
(153, '7q27j5z', 1, 'What\'s your favorite dish', '#4F97A3'),
(154, '7q27j5z', 2, 'What\'s your favorite food', '#FA8072'),
(155, '7q27j5z', 3, 'What\'s your favorite car', '#D21F3C'),
(156, '7q27j5z', 4, 'What\'s your favorite place', '#EFFD5F'),
(157, '7q27j5z', 5, 'What\'s your favorite dance', '#FDA50F'),
(158, '7q27j5z', 6, 'What\'s your favorite shoes', '#0B6623'),
(159, '7q27j5z', 7, 'What\'s your favorite hangout spot', '#50C878'),
(160, '7q27j5z', 8, 'What\'s your favorite bike', '#1D2951'),
(161, '7q27j5z', 9, 'What\'s your favorite season', '#4F97A3'),
(162, 'gduc6c0', 0, 'Whos your favourite actor?', '#1D2951'),
(163, 'gduc6c0', 1, 'What\'s your favorite dish', '#4F97A3'),
(164, 'gduc6c0', 2, 'What\'s your favorite food', '#FA8072'),
(165, 'gduc6c0', 3, 'What\'s your favorite car', '#D21F3C'),
(166, 'gduc6c0', 4, 'What\'s your favorite place', '#EFFD5F'),
(167, 'gduc6c0', 5, 'What\'s your favorite dance', '#FDA50F'),
(168, 'gduc6c0', 6, 'What\'s your favorite shoes', '#0B6623'),
(169, 'gduc6c0', 7, 'What\'s your favorite hangout spot', '#50C878'),
(170, 'gduc6c0', 8, 'What\'s your favorite bike', '#1D2951'),
(171, 'gduc6c0', 9, 'What\'s your favorite season', '#4F97A3'),
(172, 'gduc6c0', 10, '', ''),
(173, '4pfdjiv', 0, 'Whos your favourite actor?', '#1D2951'),
(174, '4pfdjiv', 1, 'What\'s your favorite dish', '#4F97A3'),
(175, '4pfdjiv', 2, 'What\'s your favorite food', '#FA8072'),
(176, '4pfdjiv', 3, 'What\'s your favorite car', '#D21F3C'),
(177, '4pfdjiv', 4, 'What\'s your favorite place', '#EFFD5F'),
(178, '4pfdjiv', 5, 'What\'s your favorite dance', '#FDA50F'),
(179, '4pfdjiv', 6, 'What\'s your favorite shoes', '#0B6623'),
(180, '4pfdjiv', 7, 'What\'s your favorite hangout spot', '#50C878'),
(181, '4pfdjiv', 8, 'What\'s your favorite bike', '#1D2951'),
(182, '4pfdjiv', 9, 'What\'s your favorite season', '#4F97A3'),
(183, '84rvobd', 0, 'Whos your favourite actor?', '#1D2951'),
(184, '84rvobd', 1, 'What\'s your favorite dish', '#4F97A3'),
(185, '84rvobd', 2, 'What\'s your favorite food', '#FA8072'),
(186, '84rvobd', 3, 'What\'s your favorite car', '#D21F3C'),
(187, '84rvobd', 4, 'What\'s your favorite place', '#EFFD5F'),
(188, '84rvobd', 5, 'What\'s your favorite dance', '#FDA50F'),
(189, '84rvobd', 6, 'What\'s your favorite shoes', '#0B6623'),
(190, '84rvobd', 7, 'What\'s your favorite hangout spot', '#50C878'),
(191, '84rvobd', 8, 'What\'s your favorite bike', '#1D2951'),
(192, '84rvobd', 9, 'What\'s your favorite season', '#4F97A3'),
(193, 'odqj4rp', 0, 'Whos your favourite actor?', '#1D2951'),
(194, 'odqj4rp', 1, 'What\'s your favorite dish', '#4F97A3'),
(195, 'odqj4rp', 2, 'What\'s your favorite food', '#FA8072'),
(196, 'odqj4rp', 3, 'What\'s your favorite car', '#D21F3C'),
(197, 'odqj4rp', 4, 'What\'s your favorite place', '#EFFD5F'),
(198, 'odqj4rp', 5, 'What\'s your favorite dance', '#FDA50F'),
(199, 'odqj4rp', 6, 'What\'s your favorite shoes', '#0B6623'),
(200, 'odqj4rp', 7, 'What\'s your favorite hangout spot', '#50C878'),
(201, 'odqj4rp', 8, 'What\'s your favorite bike', '#1D2951'),
(202, 'odqj4rp', 9, 'What\'s your favorite season', '#4F97A3'),
(203, 'nvmbss0', 0, 'Whos your favourite actor?', '#1D2951'),
(204, 'nvmbss0', 1, 'What\'s your favorite dish', '#4F97A3'),
(205, 'nvmbss0', 2, 'What\'s your favorite food', '#FA8072'),
(206, 'nvmbss0', 3, 'What\'s your favorite car', '#D21F3C'),
(207, 'nvmbss0', 4, 'What\'s your favorite place', '#EFFD5F'),
(208, 'nvmbss0', 5, 'What\'s your favorite dance', '#FDA50F'),
(209, 'nvmbss0', 6, 'What\'s your favorite shoes', '#0B6623'),
(210, 'nvmbss0', 7, 'What\'s your favorite hangout spot', '#50C878'),
(211, 'nvmbss0', 8, 'What\'s your favorite bike', '#1D2951'),
(212, 'nvmbss0', 9, 'What\'s your favorite season', '#4F97A3'),
(213, 'hic6bo3', 0, 'Whos your favourite actor?', '#1D2951'),
(214, 'hic6bo3', 1, 'What\'s your favorite dish', '#4F97A3'),
(215, 'hic6bo3', 2, 'What\'s your favorite food', '#FA8072'),
(216, 'hic6bo3', 3, 'What\'s your favorite car', '#D21F3C'),
(217, 'hic6bo3', 4, 'What\'s your favorite place', '#EFFD5F'),
(218, 'hic6bo3', 5, 'What\'s your favorite dance', '#FDA50F'),
(219, 'hic6bo3', 6, 'What\'s your favorite shoes', '#0B6623'),
(220, 'hic6bo3', 7, 'What\'s your favorite hangout spot', '#50C878'),
(221, 'hic6bo3', 8, 'What\'s your favorite bike', '#1D2951'),
(222, 'hic6bo3', 9, 'What\'s your favorite season', '#4F97A3'),
(223, 'rh0n3qt', 0, 'Whos your favourite actor?', '#1D2951'),
(224, 'rh0n3qt', 1, 'What\'s your favorite dish', '#4F97A3'),
(225, 'rh0n3qt', 2, 'What\'s your favorite food', '#FA8072'),
(226, 'rh0n3qt', 3, 'What\'s your favorite car', '#D21F3C'),
(227, 'rh0n3qt', 4, 'What\'s your favorite place', '#EFFD5F'),
(228, 'rh0n3qt', 5, 'What\'s your favorite dance', '#FDA50F'),
(229, 'rh0n3qt', 6, 'What\'s your favorite shoes', '#0B6623'),
(230, 'rh0n3qt', 7, 'What\'s your favorite hangout spot', '#50C878'),
(231, 'rh0n3qt', 8, 'What\'s your favorite bike', '#1D2951'),
(232, 'rh0n3qt', 9, 'What\'s your favorite season', '#4F97A3'),
(233, 'j92utpx', 0, 'Whos your favourite actor?', '#1D2951'),
(234, 'j92utpx', 1, 'What\'s your favorite dish', '#4F97A3'),
(235, 'j92utpx', 2, 'What\'s your favorite food', '#FA8072'),
(236, 'j92utpx', 3, 'What\'s your favorite car', '#D21F3C'),
(237, 'j92utpx', 4, 'What\'s your favorite place', '#EFFD5F'),
(238, 'j92utpx', 5, 'What\'s your favorite dance', '#FDA50F'),
(239, 'j92utpx', 6, 'What\'s your favorite shoes', '#0B6623'),
(240, 'j92utpx', 7, 'What\'s your favorite hangout spot', '#50C878'),
(241, 'j92utpx', 8, 'What\'s your favorite bike', '#1D2951'),
(242, 'j92utpx', 9, 'What\'s your favorite season', '#4F97A3'),
(243, 'jlfuw30', 0, 'Whos your favourite actor?', '#1D2951'),
(244, 'jlfuw30', 1, 'What\'s your favorite dish', '#4F97A3'),
(245, 'jlfuw30', 2, 'What\'s your favorite food', '#FA8072'),
(246, 'jlfuw30', 3, 'What\'s your favorite car', '#D21F3C'),
(247, 'jlfuw30', 4, 'What\'s your favorite place', '#EFFD5F'),
(248, 'jlfuw30', 5, 'What\'s your favorite dance', '#FDA50F'),
(249, 'jlfuw30', 6, 'What\'s your favorite shoes', '#0B6623'),
(250, 'jlfuw30', 7, 'What\'s your favorite hangout spot', '#50C878'),
(251, 'jlfuw30', 8, 'What\'s your favorite bike', '#1D2951'),
(252, 'jlfuw30', 9, 'What\'s your favorite season', '#4F97A3'),
(253, 'of8lduk', 0, 'If dsd meets a genie what would be his/her wish?', '#1D2951'),
(254, 'of8lduk', 1, 'Does luv want his/her wife/husband to be the Hottest or the Smartest?', '#4F97A3'),
(255, 'of8lduk', 2, 'What does you drink the most?', '#FA8072'),
(256, 'of8lduk', 3, 'What\'s your favorite car', '#D21F3C'),
(257, 'of8lduk', 4, 'What\'s your favorite place', '#EFFD5F'),
(258, 'of8lduk', 5, 'What\'s your favorite dance', '#FDA50F'),
(259, 'of8lduk', 6, 'What\'s your favorite shoes', '#0B6623'),
(260, 'of8lduk', 7, 'What\'s your favorite hangout spot', '#50C878'),
(261, 'of8lduk', 8, 'What\'s your favorite bike', '#1D2951'),
(262, 'of8lduk', 9, 'What\'s your favorite season', '#4F97A3'),
(263, 'tdurz46', 0, 'Whos your favourite actor?', '#1D2951'),
(264, 'tdurz46', 1, 'What\'s your favorite dish', '#4F97A3'),
(265, 'tdurz46', 2, 'What\'s your favorite food', '#FA8072'),
(266, 'tdurz46', 3, 'What\'s your favorite car', '#D21F3C'),
(267, 'tdurz46', 4, 'What\'s your favorite place', '#EFFD5F'),
(268, 'tdurz46', 5, 'What\'s your favorite dance', '#FDA50F'),
(269, 'tdurz46', 6, 'What\'s your favorite shoes', '#0B6623'),
(270, 'tdurz46', 7, 'What\'s your favorite hangout spot', '#50C878'),
(271, 'tdurz46', 8, 'What\'s your favorite bike', '#1D2951'),
(272, 'tdurz46', 9, 'What\'s your favorite season', '#4F97A3'),
(273, 'fcknige', 0, 'Whos your favourite actor?', '#1D2951'),
(274, 'fcknige', 1, 'What\'s your favorite dish', '#4F97A3'),
(275, 'fcknige', 2, 'What\'s your favorite food', '#FA8072'),
(276, 'fcknige', 3, 'What\'s your favorite car', '#D21F3C'),
(277, 'fcknige', 4, 'What\'s your favorite place', '#EFFD5F'),
(278, 'fcknige', 5, 'What\'s your favorite dance', '#FDA50F'),
(279, 'fcknige', 6, 'What\'s your favorite shoes', '#0B6623'),
(280, 'fcknige', 7, 'What\'s your favorite hangout spot', '#50C878'),
(281, 'fcknige', 8, 'What\'s your favorite bike', '#1D2951'),
(282, 'fcknige', 9, 'What\'s your favorite season', '#4F97A3'),
(283, '16emskh', 0, 'Whos your favourite actor?', '#1D2951'),
(284, '16emskh', 1, 'What\'s your favorite dish', '#4F97A3'),
(285, '16emskh', 2, 'What\'s your favorite food', '#FA8072'),
(286, '16emskh', 3, 'What\'s your favorite car', '#D21F3C'),
(287, '16emskh', 4, 'What\'s your favorite place', '#EFFD5F'),
(288, '16emskh', 5, 'What\'s your favorite dance', '#FDA50F'),
(289, '16emskh', 6, 'What\'s your favorite shoes', '#0B6623'),
(290, '16emskh', 7, 'What\'s your favorite hangout spot', '#50C878'),
(291, '16emskh', 8, 'What\'s your favorite bike', '#1D2951'),
(292, '16emskh', 9, 'What\'s your favorite season', '#4F97A3'),
(293, 'xsufkr6', 0, 'Whos your favourite actor?', '#1D2951'),
(294, 'xsufkr6', 1, 'What\'s your favorite dish', '#4F97A3'),
(295, 'xsufkr6', 2, 'What\'s your favorite food', '#FA8072'),
(296, 'xsufkr6', 3, 'What\'s your favorite car', '#D21F3C'),
(297, 'xsufkr6', 4, 'What\'s your favorite place', '#EFFD5F'),
(298, 'xsufkr6', 5, 'What\'s your favorite dance', '#FDA50F'),
(299, 'xsufkr6', 6, 'What\'s your favorite shoes', '#0B6623'),
(300, 'xsufkr6', 7, 'What\'s your favorite hangout spot', '#50C878'),
(301, 'xsufkr6', 8, 'What\'s your favorite bike', '#1D2951'),
(302, 'xsufkr6', 9, 'What\'s your favorite season', '#4F97A3'),
(303, 'lkv980t', 0, 'Whos your favourite actor?', '#1D2951'),
(304, 'lkv980t', 1, 'What\'s your favorite dish', '#4F97A3'),
(305, 'lkv980t', 2, 'What\'s your favorite food', '#FA8072'),
(306, 'lkv980t', 3, 'What\'s your favorite car', '#D21F3C'),
(307, 'lkv980t', 4, 'What\'s your favorite place', '#EFFD5F'),
(308, 'lkv980t', 5, 'What\'s your favorite dance', '#FDA50F'),
(309, 'lkv980t', 6, 'What\'s your favorite shoes', '#0B6623'),
(310, 'lkv980t', 7, 'What\'s your favorite hangout spot', '#50C878'),
(311, 'lkv980t', 8, 'What\'s your favorite bike', '#1D2951'),
(312, 'lkv980t', 9, 'What\'s your favorite season', '#4F97A3'),
(313, 'awx130s', 0, 'Whos your favourite actor?', '#1D2951'),
(314, 'awx130s', 1, 'What\'s your favorite dish', '#4F97A3'),
(315, 'awx130s', 2, 'What\'s your favorite food', '#FA8072'),
(316, 'awx130s', 3, 'What\'s your favorite car', '#D21F3C'),
(317, 'awx130s', 4, 'What\'s your favorite place', '#EFFD5F'),
(318, 'awx130s', 5, 'What\'s your favorite dance', '#FDA50F'),
(319, 'awx130s', 6, 'What\'s your favorite shoes', '#0B6623'),
(320, 'awx130s', 7, 'What\'s your favorite hangout spot', '#50C878'),
(321, 'awx130s', 8, 'What\'s your favorite bike', '#1D2951'),
(322, 'awx130s', 9, 'What\'s your favorite season', '#4F97A3'),
(323, 'lapgu0e', 0, 'Whos your favourite actor?', '#1D2951'),
(324, 'lapgu0e', 1, 'What\'s your favorite dish', '#4F97A3'),
(325, 'lapgu0e', 2, 'What\'s your favorite food', '#FA8072'),
(326, 'lapgu0e', 3, 'What\'s your favorite car', '#D21F3C'),
(327, 'lapgu0e', 4, 'What\'s your favorite place', '#EFFD5F'),
(328, 'lapgu0e', 5, 'What\'s your favorite dance', '#FDA50F'),
(329, 'lapgu0e', 6, 'What\'s your favorite shoes', '#0B6623'),
(330, 'lapgu0e', 7, 'What\'s your favorite hangout spot', '#50C878'),
(331, 'lapgu0e', 8, 'What\'s your favorite bike', '#1D2951'),
(332, 'lapgu0e', 9, 'What\'s your favorite season', '#4F97A3'),
(333, 'kll4x10', 0, 'Whos your favourite actor?', '#1D2951'),
(334, 'kll4x10', 1, 'What\'s your favorite dish', '#4F97A3'),
(335, 'kll4x10', 2, 'What\'s your favorite food', '#FA8072'),
(336, 'kll4x10', 3, 'What\'s your favorite car', '#D21F3C'),
(337, 'kll4x10', 4, 'What\'s your favorite place', '#EFFD5F'),
(338, 'kll4x10', 5, 'What\'s your favorite dance', '#FDA50F'),
(339, 'kll4x10', 6, 'What\'s your favorite shoes', '#0B6623'),
(340, 'kll4x10', 7, 'What\'s your favorite hangout spot', '#50C878'),
(341, 'kll4x10', 8, 'What\'s your favorite bike', '#1D2951'),
(342, 'kll4x10', 9, 'What\'s your favorite season', '#4F97A3'),
(343, 'fmfzo3o', 0, 'Whos your favourite actor?', '#1D2951'),
(344, 'fmfzo3o', 1, 'What\'s your favorite dish', '#4F97A3'),
(345, 'fmfzo3o', 2, 'What\'s your favorite food', '#FA8072'),
(346, 'fmfzo3o', 3, 'What\'s your favorite car', '#D21F3C'),
(347, 'fmfzo3o', 4, 'What\'s your favorite place', '#EFFD5F'),
(348, 'fmfzo3o', 5, 'What\'s your favorite dance', '#FDA50F'),
(349, 'fmfzo3o', 6, 'What\'s your favorite shoes', '#0B6623'),
(350, 'fmfzo3o', 7, 'What\'s your favorite hangout spot', '#50C878'),
(351, 'fmfzo3o', 8, 'What\'s your favorite bike', '#1D2951'),
(352, 'fmfzo3o', 9, 'What\'s your favorite season', '#4F97A3'),
(353, 'jzsx1wm', 0, 'Whos your favourite actor?', '#1D2951'),
(354, 'jzsx1wm', 1, 'What\'s your favorite dish', '#4F97A3'),
(355, 'jzsx1wm', 2, 'What\'s your favorite food', '#FA8072'),
(356, 'jzsx1wm', 3, 'What\'s your favorite car', '#D21F3C'),
(357, 'jzsx1wm', 4, 'What\'s your favorite place', '#EFFD5F'),
(358, 'jzsx1wm', 5, 'What\'s your favorite dance', '#FDA50F'),
(359, 'jzsx1wm', 6, 'What\'s your favorite shoes', '#0B6623'),
(360, 'jzsx1wm', 7, 'What\'s your favorite hangout spot', '#50C878'),
(361, 'jzsx1wm', 8, 'What\'s your favorite bike', '#1D2951'),
(362, 'jzsx1wm', 9, 'What\'s your favorite season', '#4F97A3'),
(363, 'dnd076f', 0, 'Whos your favourite actor?', '#1D2951'),
(364, 'dnd076f', 1, 'What\'s your favorite dish', '#4F97A3'),
(365, 'dnd076f', 2, 'What\'s your favorite food', '#FA8072'),
(366, 'dnd076f', 3, 'What\'s your favorite car', '#D21F3C'),
(367, 'dnd076f', 4, 'What\'s your favorite place', '#EFFD5F'),
(368, 'dnd076f', 5, 'What\'s your favorite dance', '#FDA50F'),
(369, 'dnd076f', 6, 'What\'s your favorite shoes', '#0B6623'),
(370, 'dnd076f', 7, 'What\'s your favorite hangout spot', '#50C878'),
(371, 'dnd076f', 8, 'What\'s your favorite bike', '#1D2951'),
(372, 'dnd076f', 9, 'What\'s your favorite season', '#4F97A3');
COMMIT;

/*!40101 SET CHARACTER_SET_CLIENT=@OLD_CHARACTER_SET_CLIENT */;
/*!40101 SET CHARACTER_SET_RESULTS=@OLD_CHARACTER_SET_RESULTS */;
/*!40101 SET COLLATION_CONNECTION=@OLD_COLLATION_CONNECTION */;
